foglio,particella,national_ref,rights,genova_particella,displayed_in_current_focus_foglio_13
1,3,H833_000100.3,Comproprietà,3,False
1,4,H833_000100.4,Livellario,4,False
1,11,H833_000100.11,Proprietà 1/1,11,False
1,12,H833_000100.12,Proprietà 1/3 e Proprietà 2/3 (Totale 100%),12,False
1,13,H833_000100.13,Proprietà 1/1,13,False
1,18,H833_000100.18,Proprietà 1/1,18,False
1,24,H833_000100.24,Proprietà 1/1,24,False
1,25,H833_000100.25,Proprietà 1/1,25,False
1,28,H833_000100.28,Nuda Proprietà e Usufrutto 1/1,28,False
1,31,H833_000100.31,Comproprietà,31,False
1,37,H833_000100.37,Proprietà 1/1,37,False
1,44,H833_000100.44,Proprietà 1/1,44,False
1,45,H833_000100.45,Nuda Proprietà e Usufrutto 1/1,45,False
1,52,H833_000100.52,Proprietà 1/1,52,False
1,62,H833_000100.62,Nuda Proprietà e Usufrutto 1/1,62,False
1,74,H833_000100.74,Livellario e Usufrutto generale di livello,74,False
1,78,H833_000100.78,Proprietà 1/1 (Fabbricato),78,False
1,88,H833_000100.88,Proprietà 1/1,88,False
1,103,H833_000100.103,Proprietà 1/1,103,False
1,107,H833_000100.107,Proprietà 1/1,107,False
1,111,H833_000100.111,Proprietà 1/1,111,False
1,115,H833_000100.115,Proprietà 1/1,115,False
1,130,H833_000100.130,Proprietà 1/1,130,False
1,131,H833_000100.131,Proprietà 1/1,131,False
1,134,H833_000100.134,Proprietà 1/1,134,False
1,135,H833_000100.135,Proprietà 1/1,135,False
1,136,H833_000100.136,Proprietà 1/1,136,False
1,138,H833_000100.138,Proprietà 1/1,138,False
1,139,H833_000100.139,Proprietà 1/1,139,False
1,140,H833_000100.140,Proprietà 1/1,140,False
1,141,H833_000100.141,Nuda Proprietà e Usufrutto 1/1,141,False
1,145,H833_000100.145,Nuda Proprietà e Usufrutto 1/1,145,False
1,146,H833_000100.146,Proprietà 1/1,146,False
1,147,H833_000100.147,Proprietà 1/1,147,False
1,149,H833_000100.149,Nuda Proprietà e Usufrutto 1/1,149,False
1,150,H833_000100.150,Proprietà 1/1,150,False
1,151,H833_000100.151,Comproprietà / Proprietà 1/1 (diritti diversi su fogli catastali diversi),151,False
1,152,H833_000100.152,Nuda Proprietà e Usufrutto 1/1 / Proprietà 1/1 (diritti diversi su fogli catastali diversi),152,False
1,153,H833_000100.153,Nuda Proprietà e Usufrutto 1/1 / Proprietà 1/1 (diritti diversi su fogli catastali diversi),153,False
1,154,H833_000100.154,Proprietà 1/3 e Proprietà 2/3 (Totale 100%) / Proprietà 1/1 (diritti diversi su fogli catastali diversi),154,False
1,155,H833_000100.155,Nuda Proprietà e Usufrutto 1/1 / Proprietà 1/1 (diritti diversi su fogli catastali diversi),155,False
1,156,H833_000100.156,Proprietà 1/3 e Proprietà 2/3 (Totale 100%) / Proprietà 1/1 (diritti diversi su fogli catastali diversi),156,False
1,157,H833_000100.157,Proprietà 1/1,157,False
1,159,H833_000100.159,Proprietà 1/1,159,False
1,162,H833_000100.162,Proprietà 1/1,162,False
1,164,H833_000100.164,Proprietà 1/1,164,False
10,3,H833_001000.3,Comproprietà,3,False
10,4,H833_001000.4,Livellario,4,False
10,11,H833_001000.11,Proprietà 1/1,11,False
10,12,H833_001000.12,Proprietà 1/3 e Proprietà 2/3 (Totale 100%),12,False
10,13,H833_001000.13,Proprietà 1/1,13,False
10,18,H833_001000.18,Proprietà 1/1,18,False
10,24,H833_001000.24,Proprietà 1/1,24,False
10,25,H833_001000.25,Proprietà 1/1,25,False
10,28,H833_001000.28,Nuda Proprietà e Usufrutto 1/1,28,False
10,31,H833_001000.31,Comproprietà,31,False
10,37,H833_001000.37,Proprietà 1/1,37,False
10,44,H833_001000.44,Proprietà 1/1,44,False
10,45,H833_001000.45,Nuda Proprietà e Usufrutto 1/1,45,False
10,48,H833_001000.48,Proprietà 1/1,48,False
10,52,H833_001000.52,Proprietà 1/1,52,False
10,62,H833_001000.62,Nuda Proprietà e Usufrutto 1/1,62,False
10,74,H833_001000.74,Livellario e Usufrutto generale di livello,74,False
10,78,H833_001000.78,Proprietà 1/1 (Fabbricato),78,False
10,88,H833_001000.88,Proprietà 1/1,88,False
10,103,H833_001000.103,Proprietà 1/1,103,False
10,107,H833_001000.107,Proprietà 1/1,107,False
10,111,H833_001000.111,Proprietà 1/1,111,False
10,115,H833_001000.115,Proprietà 1/1,115,False
10,130,H833_001000.130,Proprietà 1/1,130,False
10,131,H833_001000.131,Proprietà 1/1,131,False
10,134,H833_001000.134,Proprietà 1/1,134,False
10,135,H833_001000.135,Proprietà 1/1,135,False
10,136,H833_001000.136,Proprietà 1/1,136,False
10,138,H833_001000.138,Proprietà 1/1,138,False
10,139,H833_001000.139,Proprietà 1/1,139,False
10,140,H833_001000.140,Proprietà 1/1,140,False
10,141,H833_001000.141,Nuda Proprietà e Usufrutto 1/1,141,False
10,145,H833_001000.145,Nuda Proprietà e Usufrutto 1/1,145,False
10,146,H833_001000.146,Proprietà 1/1,146,False
10,147,H833_001000.147,Proprietà 1/1,147,False
10,148,H833_001000.148,Proprietà 1/1,148,False
10,149,H833_001000.149,Nuda Proprietà e Usufrutto 1/1,149,False
10,150,H833_001000.150,Proprietà 1/1,150,False
10,151,H833_001000.151,Comproprietà / Proprietà 1/1 (diritti diversi su fogli catastali diversi),151,False
10,152,H833_001000.152,Nuda Proprietà e Usufrutto 1/1 / Proprietà 1/1 (diritti diversi su fogli catastali diversi),152,False
10,153,H833_001000.153,Nuda Proprietà e Usufrutto 1/1 / Proprietà 1/1 (diritti diversi su fogli catastali diversi),153,False
10,154,H833_001000.154,Proprietà 1/3 e Proprietà 2/3 (Totale 100%) / Proprietà 1/1 (diritti diversi su fogli catastali diversi),154,False
10,155,H833_001000.155,Nuda Proprietà e Usufrutto 1/1 / Proprietà 1/1 (diritti diversi su fogli catastali diversi),155,False
10,156,H833_001000.156,Proprietà 1/3 e Proprietà 2/3 (Totale 100%) / Proprietà 1/1 (diritti diversi su fogli catastali diversi),156,False
10,157,H833_001000.157,Proprietà 1/1,157,False
10,159,H833_001000.159,Proprietà 1/1,159,False
10,161,H833_001000.161,Proprietà 1/1,161,False
10,162,H833_001000.162,Proprietà 1/1,162,False
10,164,H833_001000.164,Proprietà 1/1,164,False
10,192,H833_001000.192,Proprietà 1/1,192,False
10,195,H833_001000.195,Proprietà 1/1,195,False
10,200,H833_001000.200,Comproprietà,200,False
10,201,H833_001000.201,Comproprietà,201,False
10,202,H833_001000.202,Comproprietà,202,False
10,203,H833_001000.203,Comproprietà,203,False
10,204,H833_001000.204,Comproprietà,204,False
10,205,H833_001000.205,Comproprietà,205,False
10,207,H833_001000.207,Proprietà 1/3 e Proprietà 2/3 (Totale 100%),207,False
10,212,H833_001000.212,Proprietà 1/3 e Proprietà 2/3 (Totale 100%),212,False
10,232,H833_001000.232,Comproprietà,232,False
10,244,H833_001000.244,Comproprietà,244,False
10,281,H833_001000.281,Comproprietà / Proprietà 1/1 (diritti diversi su fogli catastali diversi),281,False
10,314,H833_001000.314,Proprietà 1/1,314,False
10,343,H833_001000.343,Proprietà 1/1,343,False
10,374,H833_001000.374,Proprietà 1/1 (Fabbricato),374,False
10,427,H833_001000.427,Proprietà 1/1,427,False
10,436,H833_001000.436,Proprietà 1/1,436,False
10,438,H833_001000.438,Proprietà 1/1,438,False
10,457,H833_001000.457,Proprietà 1/1,457,False
10,458,H833_001000.458,Nuda Proprietà e Usufrutto 1/1,458,False
10,460,H833_001000.460,Proprietà 1/1,460,False
10,500,H833_001000.500,Proprietà 1/2,500,False
10,501,H833_001000.501,Proprietà 1/2,501,False
10,502,H833_001000.502,Proprietà 1/2,502,False
10,575,H833_001000.575,Proprietà 1/1,575,False
10,576,H833_001000.576,Proprietà 1/1,576,False
10,582,H833_001000.582,Proprietà 1/1 (Fabbricato),582,False
10,594,H833_001000.594,Proprietà 1/1,594,False
10,595,H833_001000.595,Proprietà 1/1,595,False
10,597,H833_001000.597,Famiglia Genova — diritto specifico da verificare,597,False
10,598,H833_001000.598,Famiglia Genova — diritto specifico da verificare,598,False
10,600,H833_001000.600,Proprietà 1/1,600,False
10,601,H833_001000.601,Proprietà 1/1,601,False
10,639,H833_001000.639,Proprietà 1/1,639,False
10,647,H833_001000.647,Proprietà 1/1,647,False
10,649,H833_001000.649,Proprietà 1/1,649,False
10,664,H833_001000.664,Nuda Proprietà e Usufrutto 1/1,664,False
10,667,H833_001000.667,Proprietà 1/1,667,False
10,685,H833_001000.685,Proprietà 1/1,685,False
10,700,H833_001000.700,Proprietà 1/1,700,False
10,704,H833_001000.704,Proprietà 1/1,704,False
10,736,H833_001000.736,Proprietà 1/1,736,False
10,738,H833_001000.738,Proprietà 1/1,738,False
10,739,H833_001000.739,Proprietà 1/1,739,False
10,742,H833_001000.742,Proprietà 1/1,742,False
10,743,H833_001000.743,Proprietà 1/1,743,False
10,745,H833_001000.745,Proprietà 1/1,745,False
10,754,H833_001000.754,Proprietà 1/1,754,False
10,756,H833_001000.756,Ciascuno per i propri diritti (Quota indefinita con terzi),756,False
10,768,H833_001000.768,Proprietà 1/1,768,False
10,769,H833_001000.769,Proprietà 1/1,769,False
10,778,H833_001000.778,Proprietà 1/1,778,False
10,779,H833_001000.779,Proprietà 1/1,779,False
10,786,H833_001000.786,Nuda Proprietà e Usufrutto 1/1,786,False
10,787,H833_001000.787,Nuda Proprietà e Usufrutto 1/1,787,False
10,788,H833_001000.788,Nuda Proprietà e Usufrutto 1/1,788,False
10,821,H833_001000.821,Nuda Proprietà e Usufrutto 1/1,821,False
10,853,H833_001000.853,Proprietà 1/1,853,False
11,3,H833_001100.3,Comproprietà,3,False
11,4,H833_001100.4,Livellario,4,False
11,11,H833_001100.11,Proprietà 1/1,11,False
11,12,H833_001100.12,Proprietà 1/3 e Proprietà 2/3 (Totale 100%),12,False
11,13,H833_001100.13,Proprietà 1/1,13,False
11,18,H833_001100.18,Proprietà 1/1,18,False
11,24,H833_001100.24,Proprietà 1/1,24,False
11,25,H833_001100.25,Proprietà 1/1,25,False
11,28,H833_001100.28,Nuda Proprietà e Usufrutto 1/1,28,False
11,31,H833_001100.31,Comproprietà,31,False
11,37,H833_001100.37,Proprietà 1/1,37,False
11,44,H833_001100.44,Proprietà 1/1,44,False
11,45,H833_001100.45,Nuda Proprietà e Usufrutto 1/1,45,False
11,48,H833_001100.48,Proprietà 1/1,48,False
11,52,H833_001100.52,Proprietà 1/1,52,False
11,62,H833_001100.62,Nuda Proprietà e Usufrutto 1/1,62,False
11,74,H833_001100.74,Livellario e Usufrutto generale di livello,74,False
11,78,H833_001100.78,Proprietà 1/1 (Fabbricato),78,False
11,88,H833_001100.88,Proprietà 1/1,88,False
11,103,H833_001100.103,Proprietà 1/1,103,False
11,107,H833_001100.107,Proprietà 1/1,107,False
11,111,H833_001100.111,Proprietà 1/1,111,False
11,115,H833_001100.115,Proprietà 1/1,115,False
11,130,H833_001100.130,Proprietà 1/1,130,False
11,131,H833_001100.131,Proprietà 1/1,131,False
11,134,H833_001100.134,Proprietà 1/1,134,False
11,135,H833_001100.135,Proprietà 1/1,135,False
11,136,H833_001100.136,Proprietà 1/1,136,False
11,138,H833_001100.138,Proprietà 1/1,138,False
11,139,H833_001100.139,Proprietà 1/1,139,False
11,140,H833_001100.140,Proprietà 1/1,140,False
11,141,H833_001100.141,Nuda Proprietà e Usufrutto 1/1,141,False
11,145,H833_001100.145,Nuda Proprietà e Usufrutto 1/1,145,False
11,146,H833_001100.146,Proprietà 1/1,146,False
11,147,H833_001100.147,Proprietà 1/1,147,False
11,148,H833_001100.148,Proprietà 1/1,148,False
11,149,H833_001100.149,Nuda Proprietà e Usufrutto 1/1,149,False
11,150,H833_001100.150,Proprietà 1/1,150,False
11,151,H833_001100.151,Comproprietà / Proprietà 1/1 (diritti diversi su fogli catastali diversi),151,False
11,152,H833_001100.152,Nuda Proprietà e Usufrutto 1/1 / Proprietà 1/1 (diritti diversi su fogli catastali diversi),152,False
11,153,H833_001100.153,Nuda Proprietà e Usufrutto 1/1 / Proprietà 1/1 (diritti diversi su fogli catastali diversi),153,False
11,154,H833_001100.154,Proprietà 1/3 e Proprietà 2/3 (Totale 100%) / Proprietà 1/1 (diritti diversi su fogli catastali diversi),154,False
11,155,H833_001100.155,Nuda Proprietà e Usufrutto 1/1 / Proprietà 1/1 (diritti diversi su fogli catastali diversi),155,False
11,156,H833_001100.156,Proprietà 1/3 e Proprietà 2/3 (Totale 100%) / Proprietà 1/1 (diritti diversi su fogli catastali diversi),156,False
11,157,H833_001100.157,Proprietà 1/1,157,False
11,159,H833_001100.159,Proprietà 1/1,159,False
11,161,H833_001100.161,Proprietà 1/1,161,False
11,162,H833_001100.162,Proprietà 1/1,162,False
11,164,H833_001100.164,Proprietà 1/1,164,False
11,195,H833_001100.195,Proprietà 1/1,195,False
11,200,H833_001100.200,Comproprietà,200,False
11,201,H833_001100.201,Comproprietà,201,False
11,203,H833_001100.203,Comproprietà,203,False
11,204,H833_001100.204,Comproprietà,204,False
11,205,H833_001100.205,Comproprietà,205,False
11,207,H833_001100.207,Proprietà 1/3 e Proprietà 2/3 (Totale 100%),207,False
11,212,H833_001100.212,Proprietà 1/3 e Proprietà 2/3 (Totale 100%),212,False
11,232,H833_001100.232,Comproprietà,232,False
12,3,H833_001200.3,Comproprietà,3,False
12,4,H833_001200.4,Livellario,4,False
12,11,H833_001200.11,Proprietà 1/1,11,False
12,12,H833_001200.12,Proprietà 1/3 e Proprietà 2/3 (Totale 100%),12,False
12,13,H833_001200.13,Proprietà 1/1,13,False
12,18,H833_001200.18,Proprietà 1/1,18,False
12,24,H833_001200.24,Proprietà 1/1,24,False
12,25,H833_001200.25,Proprietà 1/1,25,False
12,28,H833_001200.28,Nuda Proprietà e Usufrutto 1/1,28,False
12,31,H833_001200.31,Comproprietà,31,False
12,37,H833_001200.37,Proprietà 1/1,37,False
12,44,H833_001200.44,Proprietà 1/1,44,False
12,45,H833_001200.45,Nuda Proprietà e Usufrutto 1/1,45,False
12,48,H833_001200.48,Proprietà 1/1,48,False
12,52,H833_001200.52,Proprietà 1/1,52,False
12,62,H833_001200.62,Nuda Proprietà e Usufrutto 1/1,62,False
12,74,H833_001200.74,Livellario e Usufrutto generale di livello,74,False
12,78,H833_001200.78,Proprietà 1/1 (Fabbricato),78,False
12,88,H833_001200.88,Proprietà 1/1,88,False
12,103,H833_001200.103,Proprietà 1/1,103,False
12,107,H833_001200.107,Proprietà 1/1,107,False
12,111,H833_001200.111,Proprietà 1/1,111,False
12,115,H833_001200.115,Proprietà 1/1,115,False
12,130,H833_001200.130,Proprietà 1/1,130,False
12,136,H833_001200.136,Proprietà 1/1,136,False
12,138,H833_001200.138,Proprietà 1/1,138,False
12,139,H833_001200.139,Proprietà 1/1,139,False
12,140,H833_001200.140,Proprietà 1/1,140,False
12,145,H833_001200.145,Nuda Proprietà e Usufrutto 1/1,145,False
12,146,H833_001200.146,Proprietà 1/1,146,False
12,147,H833_001200.147,Proprietà 1/1,147,False
12,148,H833_001200.148,Proprietà 1/1,148,False
12,149,H833_001200.149,Nuda Proprietà e Usufrutto 1/1,149,False
12,150,H833_001200.150,Proprietà 1/1,150,False
12,152,H833_001200.152,Nuda Proprietà e Usufrutto 1/1 / Proprietà 1/1 (diritti diversi su fogli catastali diversi),152,False
12,153,H833_001200.153,Nuda Proprietà e Usufrutto 1/1 / Proprietà 1/1 (diritti diversi su fogli catastali diversi),153,False
12,154,H833_001200.154,Proprietà 1/3 e Proprietà 2/3 (Totale 100%) / Proprietà 1/1 (diritti diversi su fogli catastali diversi),154,False
12,155,H833_001200.155,Nuda Proprietà e Usufrutto 1/1 / Proprietà 1/1 (diritti diversi su fogli catastali diversi),155,False
12,156,H833_001200.156,Proprietà 1/3 e Proprietà 2/3 (Totale 100%) / Proprietà 1/1 (diritti diversi su fogli catastali diversi),156,False
12,157,H833_001200.157,Proprietà 1/1,157,False
12,159,H833_001200.159,Proprietà 1/1,159,False
12,161,H833_001200.161,Proprietà 1/1,161,False
12,162,H833_001200.162,Proprietà 1/1,162,False
12,164,H833_001200.164,Proprietà 1/1,164,False
12,192,H833_001200.192,Proprietà 1/1,192,False
12,195,H833_001200.195,Proprietà 1/1,195,False
12,200,H833_001200.200,Comproprietà,200,False
12,201,H833_001200.201,Comproprietà,201,False
12,202,H833_001200.202,Comproprietà,202,False
12,203,H833_001200.203,Comproprietà,203,False
12,204,H833_001200.204,Comproprietà,204,False
12,205,H833_001200.205,Comproprietà,205,False
12,207,H833_001200.207,Proprietà 1/3 e Proprietà 2/3 (Totale 100%),207,False
12,212,H833_001200.212,Proprietà 1/3 e Proprietà 2/3 (Totale 100%),212,False
12,232,H833_001200.232,Comproprietà,232,False
12,244,H833_001200.244,Comproprietà,244,False
12,281,H833_001200.281,Comproprietà / Proprietà 1/1 (diritti diversi su fogli catastali diversi),281,False
12,343,H833_001200.343,Proprietà 1/1,343,False
12,374,H833_001200.374,Proprietà 1/1 (Fabbricato),374,False
12,427,H833_001200.427,Proprietà 1/1,427,False
12,436,H833_001200.436,Proprietà 1/1,436,False
12,438,H833_001200.438,Proprietà 1/1,438,False
12,457,H833_001200.457,Proprietà 1/1,457,False
12,458,H833_001200.458,Nuda Proprietà e Usufrutto 1/1,458,False
12,460,H833_001200.460,Proprietà 1/1,460,False
12,500,H833_001200.500,Proprietà 1/2,500,False
12,502,H833_001200.502,Proprietà 1/2,502,False
12,575,H833_001200.575,Proprietà 1/1,575,False
12,576,H833_001200.576,Proprietà 1/1,576,False
12,582,H833_001200.582,Proprietà 1/1 (Fabbricato),582,False
12,594,H833_001200.594,Proprietà 1/1,594,False
12,595,H833_001200.595,Proprietà 1/1,595,False
12,597,H833_001200.597,Famiglia Genova — diritto specifico da verificare,597,False
12,598,H833_001200.598,Famiglia Genova — diritto specifico da verificare,598,False
12,600,H833_001200.600,Proprietà 1/1,600,False
12,601,H833_001200.601,Proprietà 1/1,601,False
13,3,H833_001300.3,Comproprietà,3,True
13,4,H833_001300.4,Livellario,4,True
13,11,H833_001300.11,Proprietà 1/1,11,True
13,12,H833_001300.12,Proprietà 1/3 e Proprietà 2/3 (Totale 100%),12,True
13,13,H833_001300.13,Proprietà 1/1,13,True
13,18,H833_001300.18,Proprietà 1/1,18,True
13,24,H833_001300.24,Proprietà 1/1,24,True
13,25,H833_001300.25,Proprietà 1/1,25,True
13,28,H833_001300.28,Nuda Proprietà e Usufrutto 1/1,28,True
13,37,H833_001300.37,Proprietà 1/1,37,True
13,44,H833_001300.44,Proprietà 1/1,44,True
13,111,H833_001300.111,Proprietà 1/1,111,True
13,115,H833_001300.115,Proprietà 1/1,115,True
13,140,H833_001300.140,Proprietà 1/1,140,True
13,145,H833_001300.145,Nuda Proprietà e Usufrutto 1/1,145,True
13,147,H833_001300.147,Proprietà 1/1,147,True
13,438,H833_001300.438,Proprietà 1/1,438,True
13,457,H833_001300.457,Proprietà 1/1,457,True
13,458,H833_001300.458,Nuda Proprietà e Usufrutto 1/1,458,True
13,460,H833_001300.460,Proprietà 1/1,460,True
13,575,H833_001300.575,Proprietà 1/1,575,True
13,576,H833_001300.576,Proprietà 1/1,576,True
13,582,H833_001300.582,Proprietà 1/1 (Fabbricato),582,True
13,594,H833_001300.594,Proprietà 1/1,594,True
13,595,H833_001300.595,Proprietà 1/1,595,True
13,597,H833_001300.597,Famiglia Genova — diritto specifico da verificare,597,True
13,598,H833_001300.598,Famiglia Genova — diritto specifico da verificare,598,True
13,600,H833_001300.600,Proprietà 1/1,600,True
13,601,H833_001300.601,Proprietà 1/1,601,True
13,649,H833_001300.649,Proprietà 1/1,649,True
13,700,H833_001300.700,Proprietà 1/1,700,True
13,704,H833_001300.704,Proprietà 1/1,704,True
13,736,H833_001300.736,Proprietà 1/1,736,True
13,738,H833_001300.738,Proprietà 1/1,738,True
13,739,H833_001300.739,Proprietà 1/1,739,True
13,743,H833_001300.743,Proprietà 1/1,743,True
13,756,H833_001300.756,Ciascuno per i propri diritti (Quota indefinita con terzi),756,True
13,768,H833_001300.768,Proprietà 1/1,768,True
13,769,H833_001300.769,Proprietà 1/1,769,True
13,788,H833_001300.788,Nuda Proprietà e Usufrutto 1/1,788,True
13,853,H833_001300.853,Proprietà 1/1,853,True
13,927,H833_001300.927,Proprietà 1/1,927,True
13,928,H833_001300.928,Proprietà 1/1,928,True
13,929,H833_001300.929,Proprietà 1/1,929,True
13A,78,H833_0013A0.78,Proprietà 1/1 (Fabbricato),78,False
13A,88,H833_0013A0.88,Proprietà 1/1,88,False
13A,103,H833_0013A0.103,Proprietà 1/1,103,False
13A,130,H833_0013A0.130,Proprietà 1/1,130,False
13A,131,H833_0013A0.131,Proprietà 1/1,131,False
13A,134,H833_0013A0.134,Proprietà 1/1,134,False
13A,135,H833_0013A0.135,Proprietà 1/1,135,False
13A,136,H833_0013A0.136,Proprietà 1/1,136,False
13A,138,H833_0013A0.138,Proprietà 1/1,138,False
13A,139,H833_0013A0.139,Proprietà 1/1,139,False
13A,148,H833_0013A0.148,Proprietà 1/1,148,False
13A,149,H833_0013A0.149,Nuda Proprietà e Usufrutto 1/1,149,False
13A,150,H833_0013A0.150,Proprietà 1/1,150,False
13A,151,H833_0013A0.151,Comproprietà / Proprietà 1/1 (diritti diversi su fogli catastali diversi),151,False
13A,152,H833_0013A0.152,Nuda Proprietà e Usufrutto 1/1 / Proprietà 1/1 (diritti diversi su fogli catastali diversi),152,False
13A,153,H833_0013A0.153,Nuda Proprietà e Usufrutto 1/1 / Proprietà 1/1 (diritti diversi su fogli catastali diversi),153,False
13A,154,H833_0013A0.154,Proprietà 1/3 e Proprietà 2/3 (Totale 100%) / Proprietà 1/1 (diritti diversi su fogli catastali diversi),154,False
13A,155,H833_0013A0.155,Nuda Proprietà e Usufrutto 1/1 / Proprietà 1/1 (diritti diversi su fogli catastali diversi),155,False
13A,156,H833_0013A0.156,Proprietà 1/3 e Proprietà 2/3 (Totale 100%) / Proprietà 1/1 (diritti diversi su fogli catastali diversi),156,False
13A,157,H833_0013A0.157,Proprietà 1/1,157,False
13A,159,H833_0013A0.159,Proprietà 1/1,159,False
13A,161,H833_0013A0.161,Proprietà 1/1,161,False
13A,162,H833_0013A0.162,Proprietà 1/1,162,False
13A,164,H833_0013A0.164,Proprietà 1/1,164,False
13A,192,H833_0013A0.192,Proprietà 1/1,192,False
13A,195,H833_0013A0.195,Proprietà 1/1,195,False
13A,200,H833_0013A0.200,Comproprietà,200,False
13A,201,H833_0013A0.201,Comproprietà,201,False
13A,202,H833_0013A0.202,Comproprietà,202,False
13A,203,H833_0013A0.203,Comproprietà,203,False
13A,204,H833_0013A0.204,Comproprietà,204,False
13A,205,H833_0013A0.205,Comproprietà,205,False
13A,207,H833_0013A0.207,Proprietà 1/3 e Proprietà 2/3 (Totale 100%),207,False
13A,212,H833_0013A0.212,Proprietà 1/3 e Proprietà 2/3 (Totale 100%),212,False
13A,232,H833_0013A0.232,Comproprietà,232,False
13A,244,H833_0013A0.244,Comproprietà,244,False
13A,281,H833_0013A0.281,Comproprietà / Proprietà 1/1 (diritti diversi su fogli catastali diversi),281,False
13A,314,H833_0013A0.314,Proprietà 1/1,314,False
13A,343,H833_0013A0.343,Proprietà 1/1,343,False
13A,374,H833_0013A0.374,Proprietà 1/1 (Fabbricato),374,False
13A,427,H833_0013A0.427,Proprietà 1/1,427,False
13A,436,H833_0013A0.436,Proprietà 1/1,436,False
13A,500,H833_0013A0.500,Proprietà 1/2,500,False
13A,501,H833_0013A0.501,Proprietà 1/2,501,False
13A,502,H833_0013A0.502,Proprietà 1/2,502,False
13A,664,H833_0013A0.664,Nuda Proprietà e Usufrutto 1/1,664,False
13A,667,H833_0013A0.667,Proprietà 1/1,667,False
13A,685,H833_0013A0.685,Proprietà 1/1,685,False
13A,745,H833_0013A0.745,Proprietà 1/1,745,False
13A,754,H833_0013A0.754,Proprietà 1/1,754,False
13A,779,H833_0013A0.779,Proprietà 1/1,779,False
13A,787,H833_0013A0.787,Nuda Proprietà e Usufrutto 1/1,787,False
14,3,H833_001400.3,Comproprietà,3,False
14,4,H833_001400.4,Livellario,4,False
14,11,H833_001400.11,Proprietà 1/1,11,False
14,12,H833_001400.12,Proprietà 1/3 e Proprietà 2/3 (Totale 100%),12,False
14,13,H833_001400.13,Proprietà 1/1,13,False
14,18,H833_001400.18,Proprietà 1/1,18,False
14,24,H833_001400.24,Proprietà 1/1,24,False
14,25,H833_001400.25,Proprietà 1/1,25,False
14,28,H833_001400.28,Nuda Proprietà e Usufrutto 1/1,28,False
14,31,H833_001400.31,Comproprietà,31,False
14,37,H833_001400.37,Proprietà 1/1,37,False
14,44,H833_001400.44,Proprietà 1/1,44,False
14,45,H833_001400.45,Nuda Proprietà e Usufrutto 1/1,45,False
14,48,H833_001400.48,Proprietà 1/1,48,False
14,62,H833_001400.62,Nuda Proprietà e Usufrutto 1/1,62,False
14,74,H833_001400.74,Livellario e Usufrutto generale di livello,74,False
14,78,H833_001400.78,Proprietà 1/1 (Fabbricato),78,False
14,88,H833_001400.88,Proprietà 1/1,88,False
14,103,H833_001400.103,Proprietà 1/1,103,False
14,107,H833_001400.107,Proprietà 1/1,107,False
14,111,H833_001400.111,Proprietà 1/1,111,False
14,115,H833_001400.115,Proprietà 1/1,115,False
14,130,H833_001400.130,Proprietà 1/1,130,False
14,131,H833_001400.131,Proprietà 1/1,131,False
14,134,H833_001400.134,Proprietà 1/1,134,False
14,135,H833_001400.135,Proprietà 1/1,135,False
14,136,H833_001400.136,Proprietà 1/1,136,False
14,138,H833_001400.138,Proprietà 1/1,138,False
14,139,H833_001400.139,Proprietà 1/1,139,False
14,140,H833_001400.140,Proprietà 1/1,140,False
14,141,H833_001400.141,Nuda Proprietà e Usufrutto 1/1,141,False
14,145,H833_001400.145,Nuda Proprietà e Usufrutto 1/1,145,False
14,146,H833_001400.146,Proprietà 1/1,146,False
14,147,H833_001400.147,Proprietà 1/1,147,False
14,148,H833_001400.148,Proprietà 1/1,148,False
14,149,H833_001400.149,Nuda Proprietà e Usufrutto 1/1,149,False
14,150,H833_001400.150,Proprietà 1/1,150,False
14,151,H833_001400.151,Comproprietà / Proprietà 1/1 (diritti diversi su fogli catastali diversi),151,False
14,152,H833_001400.152,Nuda Proprietà e Usufrutto 1/1 / Proprietà 1/1 (diritti diversi su fogli catastali diversi),152,False
14,153,H833_001400.153,Nuda Proprietà e Usufrutto 1/1 / Proprietà 1/1 (diritti diversi su fogli catastali diversi),153,False
14,154,H833_001400.154,Proprietà 1/3 e Proprietà 2/3 (Totale 100%) / Proprietà 1/1 (diritti diversi su fogli catastali diversi),154,False
14,156,H833_001400.156,Proprietà 1/3 e Proprietà 2/3 (Totale 100%) / Proprietà 1/1 (diritti diversi su fogli catastali diversi),156,False
14,157,H833_001400.157,Proprietà 1/1,157,False
14,159,H833_001400.159,Proprietà 1/1,159,False
14,161,H833_001400.161,Proprietà 1/1,161,False
14,162,H833_001400.162,Proprietà 1/1,162,False
14,164,H833_001400.164,Proprietà 1/1,164,False
14,192,H833_001400.192,Proprietà 1/1,192,False
14,200,H833_001400.200,Comproprietà,200,False
14,201,H833_001400.201,Comproprietà,201,False
14,202,H833_001400.202,Comproprietà,202,False
14,203,H833_001400.203,Comproprietà,203,False
14,204,H833_001400.204,Comproprietà,204,False
14,205,H833_001400.205,Comproprietà,205,False
14,207,H833_001400.207,Proprietà 1/3 e Proprietà 2/3 (Totale 100%),207,False
14,212,H833_001400.212,Proprietà 1/3 e Proprietà 2/3 (Totale 100%),212,False
14,232,H833_001400.232,Comproprietà,232,False
14,244,H833_001400.244,Comproprietà,244,False
14,281,H833_001400.281,Comproprietà / Proprietà 1/1 (diritti diversi su fogli catastali diversi),281,False
14,343,H833_001400.343,Proprietà 1/1,343,False
14,438,H833_001400.438,Proprietà 1/1,438,False
14,457,H833_001400.457,Proprietà 1/1,457,False
14,458,H833_001400.458,Nuda Proprietà e Usufrutto 1/1,458,False
14,460,H833_001400.460,Proprietà 1/1,460,False
14,500,H833_001400.500,Proprietà 1/2,500,False
14,501,H833_001400.501,Proprietà 1/2,501,False
14,502,H833_001400.502,Proprietà 1/2,502,False
14,594,H833_001400.594,Proprietà 1/1,594,False
14,598,H833_001400.598,Famiglia Genova — diritto specifico da verificare,598,False
14,600,H833_001400.600,Proprietà 1/1,600,False
14,639,H833_001400.639,Proprietà 1/1,639,False
14,647,H833_001400.647,Proprietà 1/1,647,False
14,685,H833_001400.685,Proprietà 1/1,685,False
14,739,H833_001400.739,Proprietà 1/1,739,False
14,742,H833_001400.742,Proprietà 1/1,742,False
14,743,H833_001400.743,Proprietà 1/1,743,False
14,768,H833_001400.768,Proprietà 1/1,768,False
14,769,H833_001400.769,Proprietà 1/1,769,False
14,786,H833_001400.786,Nuda Proprietà e Usufrutto 1/1,786,False
14B,314,H833_0014B0.314,Proprietà 1/1,314,False
14B,427,H833_0014B0.427,Proprietà 1/1,427,False
14B,575,H833_0014B0.575,Proprietà 1/1,575,False
14B,576,H833_0014B0.576,Proprietà 1/1,576,False
14B,649,H833_0014B0.649,Proprietà 1/1,649,False
14B,700,H833_0014B0.700,Proprietà 1/1,700,False
14B,736,H833_0014B0.736,Proprietà 1/1,736,False
14B,756,H833_0014B0.756,Ciascuno per i propri diritti (Quota indefinita con terzi),756,False
14B,778,H833_0014B0.778,Proprietà 1/1,778,False
14B,779,H833_0014B0.779,Proprietà 1/1,779,False
15,4,H833_001500.4,Livellario,4,False
15,12,H833_001500.12,Proprietà 1/3 e Proprietà 2/3 (Totale 100%),12,False
15,13,H833_001500.13,Proprietà 1/1,13,False
15,24,H833_001500.24,Proprietà 1/1,24,False
15,25,H833_001500.25,Proprietà 1/1,25,False
15,28,H833_001500.28,Nuda Proprietà e Usufrutto 1/1,28,False
15,31,H833_001500.31,Comproprietà,31,False
15,37,H833_001500.37,Proprietà 1/1,37,False
15,44,H833_001500.44,Proprietà 1/1,44,False
15,45,H833_001500.45,Nuda Proprietà e Usufrutto 1/1,45,False
15,62,H833_001500.62,Nuda Proprietà e Usufrutto 1/1,62,False
15,78,H833_001500.78,Proprietà 1/1 (Fabbricato),78,False
15,103,H833_001500.103,Proprietà 1/1,103,False
15,107,H833_001500.107,Proprietà 1/1,107,False
15,111,H833_001500.111,Proprietà 1/1,111,False
15,115,H833_001500.115,Proprietà 1/1,115,False
15,130,H833_001500.130,Proprietà 1/1,130,False
15,131,H833_001500.131,Proprietà 1/1,131,False
15,134,H833_001500.134,Proprietà 1/1,134,False
15,135,H833_001500.135,Proprietà 1/1,135,False
15,136,H833_001500.136,Proprietà 1/1,136,False
15,138,H833_001500.138,Proprietà 1/1,138,False
15,139,H833_001500.139,Proprietà 1/1,139,False
15,145,H833_001500.145,Nuda Proprietà e Usufrutto 1/1,145,False
15,147,H833_001500.147,Proprietà 1/1,147,False
15,148,H833_001500.148,Proprietà 1/1,148,False
15,149,H833_001500.149,Nuda Proprietà e Usufrutto 1/1,149,False
15,150,H833_001500.150,Proprietà 1/1,150,False
15,151,H833_001500.151,Comproprietà / Proprietà 1/1 (diritti diversi su fogli catastali diversi),151,False
15,152,H833_001500.152,Nuda Proprietà e Usufrutto 1/1 / Proprietà 1/1 (diritti diversi su fogli catastali diversi),152,False
15,154,H833_001500.154,Proprietà 1/3 e Proprietà 2/3 (Totale 100%) / Proprietà 1/1 (diritti diversi su fogli catastali diversi),154,False
15,155,H833_001500.155,Nuda Proprietà e Usufrutto 1/1 / Proprietà 1/1 (diritti diversi su fogli catastali diversi),155,False
15,156,H833_001500.156,Proprietà 1/3 e Proprietà 2/3 (Totale 100%) / Proprietà 1/1 (diritti diversi su fogli catastali diversi),156,False
15,157,H833_001500.157,Proprietà 1/1,157,False
15,159,H833_001500.159,Proprietà 1/1,159,False
15,161,H833_001500.161,Proprietà 1/1,161,False
15,162,H833_001500.162,Proprietà 1/1,162,False
15,164,H833_001500.164,Proprietà 1/1,164,False
15,192,H833_001500.192,Proprietà 1/1,192,False
15,201,H833_001500.201,Comproprietà,201,False
15,203,H833_001500.203,Comproprietà,203,False
15,204,H833_001500.204,Comproprietà,204,False
15,212,H833_001500.212,Proprietà 1/3 e Proprietà 2/3 (Totale 100%),212,False
15,232,H833_001500.232,Comproprietà,232,False
15,314,H833_001500.314,Proprietà 1/1,314,False
16,3,H833_001600.3,Comproprietà,3,False
16,4,H833_001600.4,Livellario,4,False
16,11,H833_001600.11,Proprietà 1/1,11,False
16,12,H833_001600.12,Proprietà 1/3 e Proprietà 2/3 (Totale 100%),12,False
16,13,H833_001600.13,Proprietà 1/1,13,False
16,18,H833_001600.18,Proprietà 1/1,18,False
16,24,H833_001600.24,Proprietà 1/1,24,False
16,25,H833_001600.25,Proprietà 1/1,25,False
16,28,H833_001600.28,Nuda Proprietà e Usufrutto 1/1,28,False
16,31,H833_001600.31,Comproprietà,31,False
16,37,H833_001600.37,Proprietà 1/1,37,False
16,44,H833_001600.44,Proprietà 1/1,44,False
16,45,H833_001600.45,Nuda Proprietà e Usufrutto 1/1,45,False
16,48,H833_001600.48,Proprietà 1/1,48,False
16,62,H833_001600.62,Nuda Proprietà e Usufrutto 1/1,62,False
16,74,H833_001600.74,Livellario e Usufrutto generale di livello,74,False
16,78,H833_001600.78,Proprietà 1/1 (Fabbricato),78,False
16,88,H833_001600.88,Proprietà 1/1,88,False
16,103,H833_001600.103,Proprietà 1/1,103,False
16,107,H833_001600.107,Proprietà 1/1,107,False
16,111,H833_001600.111,Proprietà 1/1,111,False
16,130,H833_001600.130,Proprietà 1/1,130,False
16,131,H833_001600.131,Proprietà 1/1,131,False
16,134,H833_001600.134,Proprietà 1/1,134,False
16,135,H833_001600.135,Proprietà 1/1,135,False
16,136,H833_001600.136,Proprietà 1/1,136,False
16,138,H833_001600.138,Proprietà 1/1,138,False
16,139,H833_001600.139,Proprietà 1/1,139,False
16,140,H833_001600.140,Proprietà 1/1,140,False
16,141,H833_001600.141,Nuda Proprietà e Usufrutto 1/1,141,False
16,145,H833_001600.145,Nuda Proprietà e Usufrutto 1/1,145,False
16,146,H833_001600.146,Proprietà 1/1,146,False
16,147,H833_001600.147,Proprietà 1/1,147,False
16,148,H833_001600.148,Proprietà 1/1,148,False
16,149,H833_001600.149,Nuda Proprietà e Usufrutto 1/1,149,False
16,150,H833_001600.150,Proprietà 1/1,150,False
16,151,H833_001600.151,Comproprietà / Proprietà 1/1 (diritti diversi su fogli catastali diversi),151,False
16,152,H833_001600.152,Nuda Proprietà e Usufrutto 1/1 / Proprietà 1/1 (diritti diversi su fogli catastali diversi),152,False
16,153,H833_001600.153,Nuda Proprietà e Usufrutto 1/1 / Proprietà 1/1 (diritti diversi su fogli catastali diversi),153,False
16,154,H833_001600.154,Proprietà 1/3 e Proprietà 2/3 (Totale 100%) / Proprietà 1/1 (diritti diversi su fogli catastali diversi),154,False
16,155,H833_001600.155,Nuda Proprietà e Usufrutto 1/1 / Proprietà 1/1 (diritti diversi su fogli catastali diversi),155,False
16,156,H833_001600.156,Proprietà 1/3 e Proprietà 2/3 (Totale 100%) / Proprietà 1/1 (diritti diversi su fogli catastali diversi),156,False
16,157,H833_001600.157,Proprietà 1/1,157,False
16,159,H833_001600.159,Proprietà 1/1,159,False
16,161,H833_001600.161,Proprietà 1/1,161,False
16,162,H833_001600.162,Proprietà 1/1,162,False
16,164,H833_001600.164,Proprietà 1/1,164,False
16,192,H833_001600.192,Proprietà 1/1,192,False
16,195,H833_001600.195,Proprietà 1/1,195,False
16,200,H833_001600.200,Comproprietà,200,False
16,201,H833_001600.201,Comproprietà,201,False
16,202,H833_001600.202,Comproprietà,202,False
16,203,H833_001600.203,Comproprietà,203,False
16,204,H833_001600.204,Comproprietà,204,False
16,205,H833_001600.205,Comproprietà,205,False
16,207,H833_001600.207,Proprietà 1/3 e Proprietà 2/3 (Totale 100%),207,False
16,212,H833_001600.212,Proprietà 1/3 e Proprietà 2/3 (Totale 100%),212,False
16,244,H833_001600.244,Comproprietà,244,False
16,281,H833_001600.281,Comproprietà / Proprietà 1/1 (diritti diversi su fogli catastali diversi),281,False
16,314,H833_001600.314,Proprietà 1/1,314,False
16,343,H833_001600.343,Proprietà 1/1,343,False
16,374,H833_001600.374,Proprietà 1/1 (Fabbricato),374,False
16,436,H833_001600.436,Proprietà 1/1,436,False
16,457,H833_001600.457,Proprietà 1/1,457,False
16,458,H833_001600.458,Nuda Proprietà e Usufrutto 1/1,458,False
16,460,H833_001600.460,Proprietà 1/1,460,False
16,502,H833_001600.502,Proprietà 1/2,502,False
17,3,H833_001700.3,Comproprietà,3,False
17,4,H833_001700.4,Livellario,4,False
17,12,H833_001700.12,Proprietà 1/3 e Proprietà 2/3 (Totale 100%),12,False
17,13,H833_001700.13,Proprietà 1/1,13,False
17,18,H833_001700.18,Proprietà 1/1,18,False
17,24,H833_001700.24,Proprietà 1/1,24,False
17,25,H833_001700.25,Proprietà 1/1,25,False
17,28,H833_001700.28,Nuda Proprietà e Usufrutto 1/1,28,False
17,31,H833_001700.31,Comproprietà,31,False
17,37,H833_001700.37,Proprietà 1/1,37,False
17,44,H833_001700.44,Proprietà 1/1,44,False
17,45,H833_001700.45,Nuda Proprietà e Usufrutto 1/1,45,False
17,48,H833_001700.48,Proprietà 1/1,48,False
17,52,H833_001700.52,Proprietà 1/1,52,False
17,62,H833_001700.62,Nuda Proprietà e Usufrutto 1/1,62,False
17,74,H833_001700.74,Livellario e Usufrutto generale di livello,74,False
17,78,H833_001700.78,Proprietà 1/1 (Fabbricato),78,False
17,88,H833_001700.88,Proprietà 1/1,88,False
17,103,H833_001700.103,Proprietà 1/1,103,False
17,107,H833_001700.107,Proprietà 1/1,107,False
17,111,H833_001700.111,Proprietà 1/1,111,False
17,115,H833_001700.115,Proprietà 1/1,115,False
17,130,H833_001700.130,Proprietà 1/1,130,False
17,131,H833_001700.131,Proprietà 1/1,131,False
17,134,H833_001700.134,Proprietà 1/1,134,False
17,135,H833_001700.135,Proprietà 1/1,135,False
17,136,H833_001700.136,Proprietà 1/1,136,False
17,138,H833_001700.138,Proprietà 1/1,138,False
17,139,H833_001700.139,Proprietà 1/1,139,False
17,140,H833_001700.140,Proprietà 1/1,140,False
17,141,H833_001700.141,Nuda Proprietà e Usufrutto 1/1,141,False
17,145,H833_001700.145,Nuda Proprietà e Usufrutto 1/1,145,False
17,146,H833_001700.146,Proprietà 1/1,146,False
17,147,H833_001700.147,Proprietà 1/1,147,False
17,148,H833_001700.148,Proprietà 1/1,148,False
17,149,H833_001700.149,Nuda Proprietà e Usufrutto 1/1,149,False
17,150,H833_001700.150,Proprietà 1/1,150,False
17,151,H833_001700.151,Comproprietà / Proprietà 1/1 (diritti diversi su fogli catastali diversi),151,False
17,152,H833_001700.152,Nuda Proprietà e Usufrutto 1/1 / Proprietà 1/1 (diritti diversi su fogli catastali diversi),152,False
17,153,H833_001700.153,Nuda Proprietà e Usufrutto 1/1 / Proprietà 1/1 (diritti diversi su fogli catastali diversi),153,False
17,154,H833_001700.154,Proprietà 1/3 e Proprietà 2/3 (Totale 100%) / Proprietà 1/1 (diritti diversi su fogli catastali diversi),154,False
17,155,H833_001700.155,Nuda Proprietà e Usufrutto 1/1 / Proprietà 1/1 (diritti diversi su fogli catastali diversi),155,False
17,156,H833_001700.156,Proprietà 1/3 e Proprietà 2/3 (Totale 100%) / Proprietà 1/1 (diritti diversi su fogli catastali diversi),156,False
17,157,H833_001700.157,Proprietà 1/1,157,False
17,161,H833_001700.161,Proprietà 1/1,161,False
17,162,H833_001700.162,Proprietà 1/1,162,False
17,164,H833_001700.164,Proprietà 1/1,164,False
17,192,H833_001700.192,Proprietà 1/1,192,False
17,195,H833_001700.195,Proprietà 1/1,195,False
17,200,H833_001700.200,Comproprietà,200,False
17,201,H833_001700.201,Comproprietà,201,False
17,202,H833_001700.202,Comproprietà,202,False
17,203,H833_001700.203,Comproprietà,203,False
17,204,H833_001700.204,Comproprietà,204,False
17,205,H833_001700.205,Comproprietà,205,False
17,207,H833_001700.207,Proprietà 1/3 e Proprietà 2/3 (Totale 100%),207,False
17,212,H833_001700.212,Proprietà 1/3 e Proprietà 2/3 (Totale 100%),212,False
17,232,H833_001700.232,Comproprietà,232,False
17,244,H833_001700.244,Comproprietà,244,False
17,281,H833_001700.281,Comproprietà / Proprietà 1/1 (diritti diversi su fogli catastali diversi),281,False
17,314,H833_001700.314,Proprietà 1/1,314,False
17,343,H833_001700.343,Proprietà 1/1,343,False
18,4,H833_001800.4,Livellario,4,False
18,11,H833_001800.11,Proprietà 1/1,11,False
18,12,H833_001800.12,Proprietà 1/3 e Proprietà 2/3 (Totale 100%),12,False
18,13,H833_001800.13,Proprietà 1/1,13,False
18,18,H833_001800.18,Proprietà 1/1,18,False
18,24,H833_001800.24,Proprietà 1/1,24,False
18,25,H833_001800.25,Proprietà 1/1,25,False
18,28,H833_001800.28,Nuda Proprietà e Usufrutto 1/1,28,False
18,31,H833_001800.31,Comproprietà,31,False
18,37,H833_001800.37,Proprietà 1/1,37,False
18,44,H833_001800.44,Proprietà 1/1,44,False
18,45,H833_001800.45,Nuda Proprietà e Usufrutto 1/1,45,False
18,48,H833_001800.48,Proprietà 1/1,48,False
18,52,H833_001800.52,Proprietà 1/1,52,False
18,62,H833_001800.62,Nuda Proprietà e Usufrutto 1/1,62,False
18,74,H833_001800.74,Livellario e Usufrutto generale di livello,74,False
18,88,H833_001800.88,Proprietà 1/1,88,False
18,103,H833_001800.103,Proprietà 1/1,103,False
18,111,H833_001800.111,Proprietà 1/1,111,False
18,115,H833_001800.115,Proprietà 1/1,115,False
18,130,H833_001800.130,Proprietà 1/1,130,False
18,131,H833_001800.131,Proprietà 1/1,131,False
18,134,H833_001800.134,Proprietà 1/1,134,False
18,135,H833_001800.135,Proprietà 1/1,135,False
18,138,H833_001800.138,Proprietà 1/1,138,False
18,139,H833_001800.139,Proprietà 1/1,139,False
18,140,H833_001800.140,Proprietà 1/1,140,False
18,141,H833_001800.141,Nuda Proprietà e Usufrutto 1/1,141,False
18,145,H833_001800.145,Nuda Proprietà e Usufrutto 1/1,145,False
18,146,H833_001800.146,Proprietà 1/1,146,False
18,147,H833_001800.147,Proprietà 1/1,147,False
18,148,H833_001800.148,Proprietà 1/1,148,False
18,149,H833_001800.149,Nuda Proprietà e Usufrutto 1/1,149,False
18,150,H833_001800.150,Proprietà 1/1,150,False
18,151,H833_001800.151,Comproprietà / Proprietà 1/1 (diritti diversi su fogli catastali diversi),151,False
18,152,H833_001800.152,Nuda Proprietà e Usufrutto 1/1 / Proprietà 1/1 (diritti diversi su fogli catastali diversi),152,False
18,153,H833_001800.153,Nuda Proprietà e Usufrutto 1/1 / Proprietà 1/1 (diritti diversi su fogli catastali diversi),153,False
18,154,H833_001800.154,Proprietà 1/3 e Proprietà 2/3 (Totale 100%) / Proprietà 1/1 (diritti diversi su fogli catastali diversi),154,False
18,155,H833_001800.155,Nuda Proprietà e Usufrutto 1/1 / Proprietà 1/1 (diritti diversi su fogli catastali diversi),155,False
18,156,H833_001800.156,Proprietà 1/3 e Proprietà 2/3 (Totale 100%) / Proprietà 1/1 (diritti diversi su fogli catastali diversi),156,False
18,157,H833_001800.157,Proprietà 1/1,157,False
18,159,H833_001800.159,Proprietà 1/1,159,False
18,161,H833_001800.161,Proprietà 1/1,161,False
18,162,H833_001800.162,Proprietà 1/1,162,False
18,164,H833_001800.164,Proprietà 1/1,164,False
18,192,H833_001800.192,Proprietà 1/1,192,False
18,195,H833_001800.195,Proprietà 1/1,195,False
18,200,H833_001800.200,Comproprietà,200,False
18,201,H833_001800.201,Comproprietà,201,False
18,202,H833_001800.202,Comproprietà,202,False
18,203,H833_001800.203,Comproprietà,203,False
18,204,H833_001800.204,Comproprietà,204,False
18,205,H833_001800.205,Comproprietà,205,False
18,207,H833_001800.207,Proprietà 1/3 e Proprietà 2/3 (Totale 100%),207,False
18,212,H833_001800.212,Proprietà 1/3 e Proprietà 2/3 (Totale 100%),212,False
18,232,H833_001800.232,Comproprietà,232,False
18,244,H833_001800.244,Comproprietà,244,False
18,281,H833_001800.281,Comproprietà / Proprietà 1/1 (diritti diversi su fogli catastali diversi),281,False
19,3,H833_001900.3,Comproprietà,3,False
19,4,H833_001900.4,Livellario,4,False
19,11,H833_001900.11,Proprietà 1/1,11,False
19,12,H833_001900.12,Proprietà 1/3 e Proprietà 2/3 (Totale 100%),12,False
19,13,H833_001900.13,Proprietà 1/1,13,False
19,18,H833_001900.18,Proprietà 1/1,18,False
19,24,H833_001900.24,Proprietà 1/1,24,False
19,28,H833_001900.28,Nuda Proprietà e Usufrutto 1/1,28,False
19,31,H833_001900.31,Comproprietà,31,False
19,44,H833_001900.44,Proprietà 1/1,44,False
19,48,H833_001900.48,Proprietà 1/1,48,False
19,62,H833_001900.62,Nuda Proprietà e Usufrutto 1/1,62,False
19,74,H833_001900.74,Livellario e Usufrutto generale di livello,74,False
19,78,H833_001900.78,Proprietà 1/1 (Fabbricato),78,False
19,103,H833_001900.103,Proprietà 1/1,103,False
19,107,H833_001900.107,Proprietà 1/1,107,False
19,111,H833_001900.111,Proprietà 1/1,111,False
19,115,H833_001900.115,Proprietà 1/1,115,False
19,130,H833_001900.130,Proprietà 1/1,130,False
19,134,H833_001900.134,Proprietà 1/1,134,False
19,135,H833_001900.135,Proprietà 1/1,135,False
19,136,H833_001900.136,Proprietà 1/1,136,False
19,138,H833_001900.138,Proprietà 1/1,138,False
19,139,H833_001900.139,Proprietà 1/1,139,False
19,140,H833_001900.140,Proprietà 1/1,140,False
19,141,H833_001900.141,Nuda Proprietà e Usufrutto 1/1,141,False
19,145,H833_001900.145,Nuda Proprietà e Usufrutto 1/1,145,False
19,146,H833_001900.146,Proprietà 1/1,146,False
19,147,H833_001900.147,Proprietà 1/1,147,False
19,148,H833_001900.148,Proprietà 1/1,148,False
19,149,H833_001900.149,Nuda Proprietà e Usufrutto 1/1,149,False
19,152,H833_001900.152,Nuda Proprietà e Usufrutto 1/1 / Proprietà 1/1 (diritti diversi su fogli catastali diversi),152,False
19,153,H833_001900.153,Nuda Proprietà e Usufrutto 1/1 / Proprietà 1/1 (diritti diversi su fogli catastali diversi),153,False
19,154,H833_001900.154,Proprietà 1/3 e Proprietà 2/3 (Totale 100%) / Proprietà 1/1 (diritti diversi su fogli catastali diversi),154,False
19,155,H833_001900.155,Nuda Proprietà e Usufrutto 1/1 / Proprietà 1/1 (diritti diversi su fogli catastali diversi),155,False
19,156,H833_001900.156,Proprietà 1/3 e Proprietà 2/3 (Totale 100%) / Proprietà 1/1 (diritti diversi su fogli catastali diversi),156,False
19,159,H833_001900.159,Proprietà 1/1,159,False
19,161,H833_001900.161,Proprietà 1/1,161,False
19,162,H833_001900.162,Proprietà 1/1,162,False
19,164,H833_001900.164,Proprietà 1/1,164,False
19,192,H833_001900.192,Proprietà 1/1,192,False
19,195,H833_001900.195,Proprietà 1/1,195,False
19,200,H833_001900.200,Comproprietà,200,False
19,205,H833_001900.205,Comproprietà,205,False
19,244,H833_001900.244,Comproprietà,244,False
19,281,H833_001900.281,Comproprietà / Proprietà 1/1 (diritti diversi su fogli catastali diversi),281,False
2,3,H833_000200.3,Comproprietà,3,False
2,4,H833_000200.4,Livellario,4,False
2,11,H833_000200.11,Proprietà 1/1,11,False
2,12,H833_000200.12,Proprietà 1/3 e Proprietà 2/3 (Totale 100%),12,False
2,13,H833_000200.13,Proprietà 1/1,13,False
2,18,H833_000200.18,Proprietà 1/1,18,False
2,24,H833_000200.24,Proprietà 1/1,24,False
2,25,H833_000200.25,Proprietà 1/1,25,False
2,28,H833_000200.28,Nuda Proprietà e Usufrutto 1/1,28,False
2,31,H833_000200.31,Comproprietà,31,False
2,37,H833_000200.37,Proprietà 1/1,37,False
2,44,H833_000200.44,Proprietà 1/1,44,False
2,48,H833_000200.48,Proprietà 1/1,48,False
2,52,H833_000200.52,Proprietà 1/1,52,False
2,62,H833_000200.62,Nuda Proprietà e Usufrutto 1/1,62,False
2,74,H833_000200.74,Livellario e Usufrutto generale di livello,74,False
2,78,H833_000200.78,Proprietà 1/1 (Fabbricato),78,False
2,88,H833_000200.88,Proprietà 1/1,88,False
2,103,H833_000200.103,Proprietà 1/1,103,False
2,107,H833_000200.107,Proprietà 1/1,107,False
2,115,H833_000200.115,Proprietà 1/1,115,False
2,130,H833_000200.130,Proprietà 1/1,130,False
2,131,H833_000200.131,Proprietà 1/1,131,False
2,135,H833_000200.135,Proprietà 1/1,135,False
2,136,H833_000200.136,Proprietà 1/1,136,False
2,138,H833_000200.138,Proprietà 1/1,138,False
2,139,H833_000200.139,Proprietà 1/1,139,False
2,140,H833_000200.140,Proprietà 1/1,140,False
2,141,H833_000200.141,Nuda Proprietà e Usufrutto 1/1,141,False
2,145,H833_000200.145,Nuda Proprietà e Usufrutto 1/1,145,False
2,146,H833_000200.146,Proprietà 1/1,146,False
2,147,H833_000200.147,Proprietà 1/1,147,False
2,148,H833_000200.148,Proprietà 1/1,148,False
2,149,H833_000200.149,Nuda Proprietà e Usufrutto 1/1,149,False
2,150,H833_000200.150,Proprietà 1/1,150,False
2,151,H833_000200.151,Comproprietà / Proprietà 1/1 (diritti diversi su fogli catastali diversi),151,False
2,152,H833_000200.152,Nuda Proprietà e Usufrutto 1/1 / Proprietà 1/1 (diritti diversi su fogli catastali diversi),152,False
20,3,H833_002000.3,Comproprietà,3,False
20,4,H833_002000.4,Livellario,4,False
20,11,H833_002000.11,Proprietà 1/1,11,False
20,13,H833_002000.13,Proprietà 1/1,13,False
20,18,H833_002000.18,Proprietà 1/1,18,False
20,25,H833_002000.25,Proprietà 1/1,25,False
20,28,H833_002000.28,Nuda Proprietà e Usufrutto 1/1,28,False
20,44,H833_002000.44,Proprietà 1/1,44,False
20,45,H833_002000.45,Nuda Proprietà e Usufrutto 1/1,45,False
20,48,H833_002000.48,Proprietà 1/1,48,False
20,52,H833_002000.52,Proprietà 1/1,52,False
20,62,H833_002000.62,Nuda Proprietà e Usufrutto 1/1,62,False
20,74,H833_002000.74,Livellario e Usufrutto generale di livello,74,False
20,78,H833_002000.78,Proprietà 1/1 (Fabbricato),78,False
20,88,H833_002000.88,Proprietà 1/1,88,False
20,103,H833_002000.103,Proprietà 1/1,103,False
20,107,H833_002000.107,Proprietà 1/1,107,False
20,115,H833_002000.115,Proprietà 1/1,115,False
20,130,H833_002000.130,Proprietà 1/1,130,False
20,131,H833_002000.131,Proprietà 1/1,131,False
20,134,H833_002000.134,Proprietà 1/1,134,False
20,136,H833_002000.136,Proprietà 1/1,136,False
20,138,H833_002000.138,Proprietà 1/1,138,False
20,139,H833_002000.139,Proprietà 1/1,139,False
20,140,H833_002000.140,Proprietà 1/1,140,False
20,141,H833_002000.141,Nuda Proprietà e Usufrutto 1/1,141,False
20,145,H833_002000.145,Nuda Proprietà e Usufrutto 1/1,145,False
20,146,H833_002000.146,Proprietà 1/1,146,False
20,149,H833_002000.149,Nuda Proprietà e Usufrutto 1/1,149,False
20,150,H833_002000.150,Proprietà 1/1,150,False
20,152,H833_002000.152,Nuda Proprietà e Usufrutto 1/1 / Proprietà 1/1 (diritti diversi su fogli catastali diversi),152,False
20,153,H833_002000.153,Nuda Proprietà e Usufrutto 1/1 / Proprietà 1/1 (diritti diversi su fogli catastali diversi),153,False
20,155,H833_002000.155,Nuda Proprietà e Usufrutto 1/1 / Proprietà 1/1 (diritti diversi su fogli catastali diversi),155,False
20,156,H833_002000.156,Proprietà 1/3 e Proprietà 2/3 (Totale 100%) / Proprietà 1/1 (diritti diversi su fogli catastali diversi),156,False
20,157,H833_002000.157,Proprietà 1/1,157,False
20,159,H833_002000.159,Proprietà 1/1,159,False
20,161,H833_002000.161,Proprietà 1/1,161,False
20,162,H833_002000.162,Proprietà 1/1,162,False
20,164,H833_002000.164,Proprietà 1/1,164,False
20,192,H833_002000.192,Proprietà 1/1,192,False
20,202,H833_002000.202,Comproprietà,202,False
20,204,H833_002000.204,Comproprietà,204,False
20,205,H833_002000.205,Comproprietà,205,False
20,212,H833_002000.212,Proprietà 1/3 e Proprietà 2/3 (Totale 100%),212,False
20,232,H833_002000.232,Comproprietà,232,False
20,281,H833_002000.281,Comproprietà / Proprietà 1/1 (diritti diversi su fogli catastali diversi),281,False
20,314,H833_002000.314,Proprietà 1/1,314,False
20,343,H833_002000.343,Proprietà 1/1,343,False
20,374,H833_002000.374,Proprietà 1/1 (Fabbricato),374,False
21,3,H833_002100.3,Comproprietà,3,False
21,4,H833_002100.4,Livellario,4,False
21,11,H833_002100.11,Proprietà 1/1,11,False
21,12,H833_002100.12,Proprietà 1/3 e Proprietà 2/3 (Totale 100%),12,False
21,13,H833_002100.13,Proprietà 1/1,13,False
21,18,H833_002100.18,Proprietà 1/1,18,False
21,24,H833_002100.24,Proprietà 1/1,24,False
21,25,H833_002100.25,Proprietà 1/1,25,False
21,28,H833_002100.28,Nuda Proprietà e Usufrutto 1/1,28,False
21,31,H833_002100.31,Comproprietà,31,False
21,37,H833_002100.37,Proprietà 1/1,37,False
21,44,H833_002100.44,Proprietà 1/1,44,False
21,45,H833_002100.45,Nuda Proprietà e Usufrutto 1/1,45,False
21,48,H833_002100.48,Proprietà 1/1,48,False
21,52,H833_002100.52,Proprietà 1/1,52,False
21,62,H833_002100.62,Nuda Proprietà e Usufrutto 1/1,62,False
21,74,H833_002100.74,Livellario e Usufrutto generale di livello,74,False
21,78,H833_002100.78,Proprietà 1/1 (Fabbricato),78,False
21,88,H833_002100.88,Proprietà 1/1,88,False
21,103,H833_002100.103,Proprietà 1/1,103,False
21,107,H833_002100.107,Proprietà 1/1,107,False
21,111,H833_002100.111,Proprietà 1/1,111,False
21,115,H833_002100.115,Proprietà 1/1,115,False
21,130,H833_002100.130,Proprietà 1/1,130,False
21,131,H833_002100.131,Proprietà 1/1,131,False
21,134,H833_002100.134,Proprietà 1/1,134,False
21,135,H833_002100.135,Proprietà 1/1,135,False
21,136,H833_002100.136,Proprietà 1/1,136,False
21,138,H833_002100.138,Proprietà 1/1,138,False
21,139,H833_002100.139,Proprietà 1/1,139,False
21,140,H833_002100.140,Proprietà 1/1,140,False
21,141,H833_002100.141,Nuda Proprietà e Usufrutto 1/1,141,False
21,146,H833_002100.146,Proprietà 1/1,146,False
21,147,H833_002100.147,Proprietà 1/1,147,False
21,148,H833_002100.148,Proprietà 1/1,148,False
21,149,H833_002100.149,Nuda Proprietà e Usufrutto 1/1,149,False
21,151,H833_002100.151,Comproprietà / Proprietà 1/1 (diritti diversi su fogli catastali diversi),151,False
21,152,H833_002100.152,Nuda Proprietà e Usufrutto 1/1 / Proprietà 1/1 (diritti diversi su fogli catastali diversi),152,False
21,156,H833_002100.156,Proprietà 1/3 e Proprietà 2/3 (Totale 100%) / Proprietà 1/1 (diritti diversi su fogli catastali diversi),156,False
21,159,H833_002100.159,Proprietà 1/1,159,False
21,161,H833_002100.161,Proprietà 1/1,161,False
21,162,H833_002100.162,Proprietà 1/1,162,False
21,164,H833_002100.164,Proprietà 1/1,164,False
21,200,H833_002100.200,Comproprietà,200,False
21,203,H833_002100.203,Comproprietà,203,False
21,204,H833_002100.204,Comproprietà,204,False
21,205,H833_002100.205,Comproprietà,205,False
21,207,H833_002100.207,Proprietà 1/3 e Proprietà 2/3 (Totale 100%),207,False
21,212,H833_002100.212,Proprietà 1/3 e Proprietà 2/3 (Totale 100%),212,False
22,3,H833_002200.3,Comproprietà,3,False
22,4,H833_002200.4,Livellario,4,False
22,11,H833_002200.11,Proprietà 1/1,11,False
22,12,H833_002200.12,Proprietà 1/3 e Proprietà 2/3 (Totale 100%),12,False
22,13,H833_002200.13,Proprietà 1/1,13,False
22,18,H833_002200.18,Proprietà 1/1,18,False
22,24,H833_002200.24,Proprietà 1/1,24,False
22,25,H833_002200.25,Proprietà 1/1,25,False
22,28,H833_002200.28,Nuda Proprietà e Usufrutto 1/1,28,False
22,31,H833_002200.31,Comproprietà,31,False
22,37,H833_002200.37,Proprietà 1/1,37,False
22,44,H833_002200.44,Proprietà 1/1,44,False
22,45,H833_002200.45,Nuda Proprietà e Usufrutto 1/1,45,False
22,48,H833_002200.48,Proprietà 1/1,48,False
22,74,H833_002200.74,Livellario e Usufrutto generale di livello,74,False
22,78,H833_002200.78,Proprietà 1/1 (Fabbricato),78,False
22,88,H833_002200.88,Proprietà 1/1,88,False
22,103,H833_002200.103,Proprietà 1/1,103,False
22,107,H833_002200.107,Proprietà 1/1,107,False
22,111,H833_002200.111,Proprietà 1/1,111,False
22,115,H833_002200.115,Proprietà 1/1,115,False
22,130,H833_002200.130,Proprietà 1/1,130,False
22,131,H833_002200.131,Proprietà 1/1,131,False
22,134,H833_002200.134,Proprietà 1/1,134,False
22,136,H833_002200.136,Proprietà 1/1,136,False
22,138,H833_002200.138,Proprietà 1/1,138,False
22,139,H833_002200.139,Proprietà 1/1,139,False
22,140,H833_002200.140,Proprietà 1/1,140,False
22,141,H833_002200.141,Nuda Proprietà e Usufrutto 1/1,141,False
22,145,H833_002200.145,Nuda Proprietà e Usufrutto 1/1,145,False
22,146,H833_002200.146,Proprietà 1/1,146,False
22,147,H833_002200.147,Proprietà 1/1,147,False
22,148,H833_002200.148,Proprietà 1/1,148,False
22,149,H833_002200.149,Nuda Proprietà e Usufrutto 1/1,149,False
22,150,H833_002200.150,Proprietà 1/1,150,False
22,151,H833_002200.151,Comproprietà / Proprietà 1/1 (diritti diversi su fogli catastali diversi),151,False
22,153,H833_002200.153,Nuda Proprietà e Usufrutto 1/1 / Proprietà 1/1 (diritti diversi su fogli catastali diversi),153,False
22,154,H833_002200.154,Proprietà 1/3 e Proprietà 2/3 (Totale 100%) / Proprietà 1/1 (diritti diversi su fogli catastali diversi),154,False
22,155,H833_002200.155,Nuda Proprietà e Usufrutto 1/1 / Proprietà 1/1 (diritti diversi su fogli catastali diversi),155,False
22,156,H833_002200.156,Proprietà 1/3 e Proprietà 2/3 (Totale 100%) / Proprietà 1/1 (diritti diversi su fogli catastali diversi),156,False
22,157,H833_002200.157,Proprietà 1/1,157,False
22,159,H833_002200.159,Proprietà 1/1,159,False
22,161,H833_002200.161,Proprietà 1/1,161,False
22,164,H833_002200.164,Proprietà 1/1,164,False
22,192,H833_002200.192,Proprietà 1/1,192,False
22,195,H833_002200.195,Proprietà 1/1,195,False
23,3,H833_002300.3,Comproprietà,3,False
23,4,H833_002300.4,Livellario,4,False
23,11,H833_002300.11,Proprietà 1/1,11,False
23,12,H833_002300.12,Proprietà 1/3 e Proprietà 2/3 (Totale 100%),12,False
23,13,H833_002300.13,Proprietà 1/1,13,False
23,24,H833_002300.24,Proprietà 1/1,24,False
23,25,H833_002300.25,Proprietà 1/1,25,False
23,28,H833_002300.28,Nuda Proprietà e Usufrutto 1/1,28,False
23,31,H833_002300.31,Comproprietà,31,False
23,37,H833_002300.37,Proprietà 1/1,37,False
23,44,H833_002300.44,Proprietà 1/1,44,False
23,45,H833_002300.45,Nuda Proprietà e Usufrutto 1/1,45,False
23,48,H833_002300.48,Proprietà 1/1,48,False
23,52,H833_002300.52,Proprietà 1/1,52,False
23,74,H833_002300.74,Livellario e Usufrutto generale di livello,74,False
23,78,H833_002300.78,Proprietà 1/1 (Fabbricato),78,False
23,88,H833_002300.88,Proprietà 1/1,88,False
23,103,H833_002300.103,Proprietà 1/1,103,False
23,107,H833_002300.107,Proprietà 1/1,107,False
23,111,H833_002300.111,Proprietà 1/1,111,False
23,130,H833_002300.130,Proprietà 1/1,130,False
23,131,H833_002300.131,Proprietà 1/1,131,False
23,134,H833_002300.134,Proprietà 1/1,134,False
23,135,H833_002300.135,Proprietà 1/1,135,False
23,138,H833_002300.138,Proprietà 1/1,138,False
23,139,H833_002300.139,Proprietà 1/1,139,False
23,140,H833_002300.140,Proprietà 1/1,140,False
23,141,H833_002300.141,Nuda Proprietà e Usufrutto 1/1,141,False
23,145,H833_002300.145,Nuda Proprietà e Usufrutto 1/1,145,False
23,146,H833_002300.146,Proprietà 1/1,146,False
23,147,H833_002300.147,Proprietà 1/1,147,False
23,148,H833_002300.148,Proprietà 1/1,148,False
23,149,H833_002300.149,Nuda Proprietà e Usufrutto 1/1,149,False
23,150,H833_002300.150,Proprietà 1/1,150,False
23,151,H833_002300.151,Comproprietà / Proprietà 1/1 (diritti diversi su fogli catastali diversi),151,False
23,152,H833_002300.152,Nuda Proprietà e Usufrutto 1/1 / Proprietà 1/1 (diritti diversi su fogli catastali diversi),152,False
23,153,H833_002300.153,Nuda Proprietà e Usufrutto 1/1 / Proprietà 1/1 (diritti diversi su fogli catastali diversi),153,False
23,155,H833_002300.155,Nuda Proprietà e Usufrutto 1/1 / Proprietà 1/1 (diritti diversi su fogli catastali diversi),155,False
23,156,H833_002300.156,Proprietà 1/3 e Proprietà 2/3 (Totale 100%) / Proprietà 1/1 (diritti diversi su fogli catastali diversi),156,False
23,157,H833_002300.157,Proprietà 1/1,157,False
23,159,H833_002300.159,Proprietà 1/1,159,False
23,161,H833_002300.161,Proprietà 1/1,161,False
23,162,H833_002300.162,Proprietà 1/1,162,False
23,164,H833_002300.164,Proprietà 1/1,164,False
23,192,H833_002300.192,Proprietà 1/1,192,False
23,195,H833_002300.195,Proprietà 1/1,195,False
23,200,H833_002300.200,Comproprietà,200,False
23,201,H833_002300.201,Comproprietà,201,False
23,202,H833_002300.202,Comproprietà,202,False
23,203,H833_002300.203,Comproprietà,203,False
23,204,H833_002300.204,Comproprietà,204,False
23,205,H833_002300.205,Comproprietà,205,False
23,207,H833_002300.207,Proprietà 1/3 e Proprietà 2/3 (Totale 100%),207,False
23,212,H833_002300.212,Proprietà 1/3 e Proprietà 2/3 (Totale 100%),212,False
23,244,H833_002300.244,Comproprietà,244,False
23,314,H833_002300.314,Proprietà 1/1,314,False
23,343,H833_002300.343,Proprietà 1/1,343,False
24,3,H833_002400.3,Comproprietà,3,False
24,4,H833_002400.4,Livellario,4,False
24,11,H833_002400.11,Proprietà 1/1,11,False
24,12,H833_002400.12,Proprietà 1/3 e Proprietà 2/3 (Totale 100%),12,False
24,13,H833_002400.13,Proprietà 1/1,13,False
24,24,H833_002400.24,Proprietà 1/1,24,False
24,25,H833_002400.25,Proprietà 1/1,25,False
24,28,H833_002400.28,Nuda Proprietà e Usufrutto 1/1,28,False
24,31,H833_002400.31,Comproprietà,31,False
24,37,H833_002400.37,Proprietà 1/1,37,False
24,44,H833_002400.44,Proprietà 1/1,44,False
24,45,H833_002400.45,Nuda Proprietà e Usufrutto 1/1,45,False
24,52,H833_002400.52,Proprietà 1/1,52,False
24,62,H833_002400.62,Nuda Proprietà e Usufrutto 1/1,62,False
24,74,H833_002400.74,Livellario e Usufrutto generale di livello,74,False
24,78,H833_002400.78,Proprietà 1/1 (Fabbricato),78,False
24,88,H833_002400.88,Proprietà 1/1,88,False
24,103,H833_002400.103,Proprietà 1/1,103,False
24,107,H833_002400.107,Proprietà 1/1,107,False
24,111,H833_002400.111,Proprietà 1/1,111,False
24,115,H833_002400.115,Proprietà 1/1,115,False
24,130,H833_002400.130,Proprietà 1/1,130,False
24,131,H833_002400.131,Proprietà 1/1,131,False
24,134,H833_002400.134,Proprietà 1/1,134,False
24,135,H833_002400.135,Proprietà 1/1,135,False
24,136,H833_002400.136,Proprietà 1/1,136,False
24,138,H833_002400.138,Proprietà 1/1,138,False
24,139,H833_002400.139,Proprietà 1/1,139,False
24,140,H833_002400.140,Proprietà 1/1,140,False
24,141,H833_002400.141,Nuda Proprietà e Usufrutto 1/1,141,False
24,145,H833_002400.145,Nuda Proprietà e Usufrutto 1/1,145,False
24,149,H833_002400.149,Nuda Proprietà e Usufrutto 1/1,149,False
24,150,H833_002400.150,Proprietà 1/1,150,False
24,151,H833_002400.151,Comproprietà / Proprietà 1/1 (diritti diversi su fogli catastali diversi),151,False
24,152,H833_002400.152,Nuda Proprietà e Usufrutto 1/1 / Proprietà 1/1 (diritti diversi su fogli catastali diversi),152,False
24,155,H833_002400.155,Nuda Proprietà e Usufrutto 1/1 / Proprietà 1/1 (diritti diversi su fogli catastali diversi),155,False
24,156,H833_002400.156,Proprietà 1/3 e Proprietà 2/3 (Totale 100%) / Proprietà 1/1 (diritti diversi su fogli catastali diversi),156,False
24,157,H833_002400.157,Proprietà 1/1,157,False
24,159,H833_002400.159,Proprietà 1/1,159,False
24,161,H833_002400.161,Proprietà 1/1,161,False
24,162,H833_002400.162,Proprietà 1/1,162,False
24,164,H833_002400.164,Proprietà 1/1,164,False
24,195,H833_002400.195,Proprietà 1/1,195,False
24,200,H833_002400.200,Comproprietà,200,False
24,201,H833_002400.201,Comproprietà,201,False
24,202,H833_002400.202,Comproprietà,202,False
24,204,H833_002400.204,Comproprietà,204,False
24,205,H833_002400.205,Comproprietà,205,False
24,212,H833_002400.212,Proprietà 1/3 e Proprietà 2/3 (Totale 100%),212,False
24,232,H833_002400.232,Comproprietà,232,False
24,244,H833_002400.244,Comproprietà,244,False
24,427,H833_002400.427,Proprietà 1/1,427,False
24,457,H833_002400.457,Proprietà 1/1,457,False
24,458,H833_002400.458,Nuda Proprietà e Usufrutto 1/1,458,False
24,500,H833_002400.500,Proprietà 1/2,500,False
24,575,H833_002400.575,Proprietà 1/1,575,False
24,576,H833_002400.576,Proprietà 1/1,576,False
3,3,H833_000300.3,Comproprietà,3,False
3,4,H833_000300.4,Livellario,4,False
3,11,H833_000300.11,Proprietà 1/1,11,False
3,12,H833_000300.12,Proprietà 1/3 e Proprietà 2/3 (Totale 100%),12,False
3,18,H833_000300.18,Proprietà 1/1,18,False
3,24,H833_000300.24,Proprietà 1/1,24,False
3,25,H833_000300.25,Proprietà 1/1,25,False
3,28,H833_000300.28,Nuda Proprietà e Usufrutto 1/1,28,False
3,31,H833_000300.31,Comproprietà,31,False
3,37,H833_000300.37,Proprietà 1/1,37,False
3,44,H833_000300.44,Proprietà 1/1,44,False
3,45,H833_000300.45,Nuda Proprietà e Usufrutto 1/1,45,False
3,48,H833_000300.48,Proprietà 1/1,48,False
3,52,H833_000300.52,Proprietà 1/1,52,False
3,62,H833_000300.62,Nuda Proprietà e Usufrutto 1/1,62,False
3,74,H833_000300.74,Livellario e Usufrutto generale di livello,74,False
3,78,H833_000300.78,Proprietà 1/1 (Fabbricato),78,False
3,88,H833_000300.88,Proprietà 1/1,88,False
4,3,H833_000400.3,Comproprietà,3,False
4,4,H833_000400.4,Livellario,4,False
4,11,H833_000400.11,Proprietà 1/1,11,False
4,12,H833_000400.12,Proprietà 1/3 e Proprietà 2/3 (Totale 100%),12,False
4,13,H833_000400.13,Proprietà 1/1,13,False
4,18,H833_000400.18,Proprietà 1/1,18,False
4,24,H833_000400.24,Proprietà 1/1,24,False
4,25,H833_000400.25,Proprietà 1/1,25,False
4,28,H833_000400.28,Nuda Proprietà e Usufrutto 1/1,28,False
4,31,H833_000400.31,Comproprietà,31,False
4,37,H833_000400.37,Proprietà 1/1,37,False
4,48,H833_000400.48,Proprietà 1/1,48,False
4,52,H833_000400.52,Proprietà 1/1,52,False
4,62,H833_000400.62,Nuda Proprietà e Usufrutto 1/1,62,False
4,74,H833_000400.74,Livellario e Usufrutto generale di livello,74,False
4,78,H833_000400.78,Proprietà 1/1 (Fabbricato),78,False
4,88,H833_000400.88,Proprietà 1/1,88,False
4,103,H833_000400.103,Proprietà 1/1,103,False
4,107,H833_000400.107,Proprietà 1/1,107,False
4,111,H833_000400.111,Proprietà 1/1,111,False
4,115,H833_000400.115,Proprietà 1/1,115,False
4,130,H833_000400.130,Proprietà 1/1,130,False
4,134,H833_000400.134,Proprietà 1/1,134,False
4,135,H833_000400.135,Proprietà 1/1,135,False
4,140,H833_000400.140,Proprietà 1/1,140,False
4,141,H833_000400.141,Nuda Proprietà e Usufrutto 1/1,141,False
4,145,H833_000400.145,Nuda Proprietà e Usufrutto 1/1,145,False
4,147,H833_000400.147,Proprietà 1/1,147,False
4,148,H833_000400.148,Proprietà 1/1,148,False
4,150,H833_000400.150,Proprietà 1/1,150,False
4,151,H833_000400.151,Comproprietà / Proprietà 1/1 (diritti diversi su fogli catastali diversi),151,False
4,154,H833_000400.154,Proprietà 1/3 e Proprietà 2/3 (Totale 100%) / Proprietà 1/1 (diritti diversi su fogli catastali diversi),154,False
4,155,H833_000400.155,Nuda Proprietà e Usufrutto 1/1 / Proprietà 1/1 (diritti diversi su fogli catastali diversi),155,False
4,156,H833_000400.156,Proprietà 1/3 e Proprietà 2/3 (Totale 100%) / Proprietà 1/1 (diritti diversi su fogli catastali diversi),156,False
4,157,H833_000400.157,Proprietà 1/1,157,False
4,159,H833_000400.159,Proprietà 1/1,159,False
4,161,H833_000400.161,Proprietà 1/1,161,False
4,164,H833_000400.164,Proprietà 1/1,164,False
4,195,H833_000400.195,Proprietà 1/1,195,False
4,200,H833_000400.200,Comproprietà,200,False
4,201,H833_000400.201,Comproprietà,201,False
4,202,H833_000400.202,Comproprietà,202,False
4,203,H833_000400.203,Comproprietà,203,False
4,205,H833_000400.205,Comproprietà,205,False
4,207,H833_000400.207,Proprietà 1/3 e Proprietà 2/3 (Totale 100%),207,False
4,244,H833_000400.244,Comproprietà,244,False
4,281,H833_000400.281,Comproprietà / Proprietà 1/1 (diritti diversi su fogli catastali diversi),281,False
4,314,H833_000400.314,Proprietà 1/1,314,False
4,343,H833_000400.343,Proprietà 1/1,343,False
5,3,H833_000500.3,Comproprietà,3,False
5,4,H833_000500.4,Livellario,4,False
5,11,H833_000500.11,Proprietà 1/1,11,False
5,12,H833_000500.12,Proprietà 1/3 e Proprietà 2/3 (Totale 100%),12,False
5,13,H833_000500.13,Proprietà 1/1,13,False
5,18,H833_000500.18,Proprietà 1/1,18,False
5,24,H833_000500.24,Proprietà 1/1,24,False
5,25,H833_000500.25,Proprietà 1/1,25,False
5,31,H833_000500.31,Comproprietà,31,False
5,44,H833_000500.44,Proprietà 1/1,44,False
5,45,H833_000500.45,Nuda Proprietà e Usufrutto 1/1,45,False
5,48,H833_000500.48,Proprietà 1/1,48,False
5,52,H833_000500.52,Proprietà 1/1,52,False
5,62,H833_000500.62,Nuda Proprietà e Usufrutto 1/1,62,False
5,74,H833_000500.74,Livellario e Usufrutto generale di livello,74,False
5,78,H833_000500.78,Proprietà 1/1 (Fabbricato),78,False
5,88,H833_000500.88,Proprietà 1/1,88,False
5,103,H833_000500.103,Proprietà 1/1,103,False
5,107,H833_000500.107,Proprietà 1/1,107,False
5,111,H833_000500.111,Proprietà 1/1,111,False
5,115,H833_000500.115,Proprietà 1/1,115,False
5,130,H833_000500.130,Proprietà 1/1,130,False
5,131,H833_000500.131,Proprietà 1/1,131,False
5,134,H833_000500.134,Proprietà 1/1,134,False
5,135,H833_000500.135,Proprietà 1/1,135,False
5,136,H833_000500.136,Proprietà 1/1,136,False
5,138,H833_000500.138,Proprietà 1/1,138,False
5,139,H833_000500.139,Proprietà 1/1,139,False
5,140,H833_000500.140,Proprietà 1/1,140,False
5,141,H833_000500.141,Nuda Proprietà e Usufrutto 1/1,141,False
5,145,H833_000500.145,Nuda Proprietà e Usufrutto 1/1,145,False
5,146,H833_000500.146,Proprietà 1/1,146,False
5,147,H833_000500.147,Proprietà 1/1,147,False
5,148,H833_000500.148,Proprietà 1/1,148,False
5,149,H833_000500.149,Nuda Proprietà e Usufrutto 1/1,149,False
5,150,H833_000500.150,Proprietà 1/1,150,False
5,151,H833_000500.151,Comproprietà / Proprietà 1/1 (diritti diversi su fogli catastali diversi),151,False
5,152,H833_000500.152,Nuda Proprietà e Usufrutto 1/1 / Proprietà 1/1 (diritti diversi su fogli catastali diversi),152,False
5,153,H833_000500.153,Nuda Proprietà e Usufrutto 1/1 / Proprietà 1/1 (diritti diversi su fogli catastali diversi),153,False
5,154,H833_000500.154,Proprietà 1/3 e Proprietà 2/3 (Totale 100%) / Proprietà 1/1 (diritti diversi su fogli catastali diversi),154,False
5,155,H833_000500.155,Nuda Proprietà e Usufrutto 1/1 / Proprietà 1/1 (diritti diversi su fogli catastali diversi),155,False
5,156,H833_000500.156,Proprietà 1/3 e Proprietà 2/3 (Totale 100%) / Proprietà 1/1 (diritti diversi su fogli catastali diversi),156,False
5,157,H833_000500.157,Proprietà 1/1,157,False
5,159,H833_000500.159,Proprietà 1/1,159,False
5,161,H833_000500.161,Proprietà 1/1,161,False
5,162,H833_000500.162,Proprietà 1/1,162,False
5,192,H833_000500.192,Proprietà 1/1,192,False
5,195,H833_000500.195,Proprietà 1/1,195,False
5,200,H833_000500.200,Comproprietà,200,False
5,201,H833_000500.201,Comproprietà,201,False
5,202,H833_000500.202,Comproprietà,202,False
5,203,H833_000500.203,Comproprietà,203,False
5,204,H833_000500.204,Comproprietà,204,False
5,205,H833_000500.205,Comproprietà,205,False
5,207,H833_000500.207,Proprietà 1/3 e Proprietà 2/3 (Totale 100%),207,False
5,212,H833_000500.212,Proprietà 1/3 e Proprietà 2/3 (Totale 100%),212,False
5,232,H833_000500.232,Comproprietà,232,False
5,281,H833_000500.281,Comproprietà / Proprietà 1/1 (diritti diversi su fogli catastali diversi),281,False
5,314,H833_000500.314,Proprietà 1/1,314,False
5,343,H833_000500.343,Proprietà 1/1,343,False
6,3,H833_000600.3,Comproprietà,3,False
6,4,H833_000600.4,Livellario,4,False
6,11,H833_000600.11,Proprietà 1/1,11,False
6,12,H833_000600.12,Proprietà 1/3 e Proprietà 2/3 (Totale 100%),12,False
6,13,H833_000600.13,Proprietà 1/1,13,False
6,31,H833_000600.31,Comproprietà,31,False
6,37,H833_000600.37,Proprietà 1/1,37,False
6,44,H833_000600.44,Proprietà 1/1,44,False
6,45,H833_000600.45,Nuda Proprietà e Usufrutto 1/1,45,False
6,48,H833_000600.48,Proprietà 1/1,48,False
6,52,H833_000600.52,Proprietà 1/1,52,False
6,62,H833_000600.62,Nuda Proprietà e Usufrutto 1/1,62,False
6,74,H833_000600.74,Livellario e Usufrutto generale di livello,74,False
6,78,H833_000600.78,Proprietà 1/1 (Fabbricato),78,False
6,88,H833_000600.88,Proprietà 1/1,88,False
6,103,H833_000600.103,Proprietà 1/1,103,False
6,107,H833_000600.107,Proprietà 1/1,107,False
6,111,H833_000600.111,Proprietà 1/1,111,False
6,115,H833_000600.115,Proprietà 1/1,115,False
6,130,H833_000600.130,Proprietà 1/1,130,False
6,131,H833_000600.131,Proprietà 1/1,131,False
6,134,H833_000600.134,Proprietà 1/1,134,False
6,135,H833_000600.135,Proprietà 1/1,135,False
6,136,H833_000600.136,Proprietà 1/1,136,False
6,138,H833_000600.138,Proprietà 1/1,138,False
6,139,H833_000600.139,Proprietà 1/1,139,False
6,140,H833_000600.140,Proprietà 1/1,140,False
6,141,H833_000600.141,Nuda Proprietà e Usufrutto 1/1,141,False
6,145,H833_000600.145,Nuda Proprietà e Usufrutto 1/1,145,False
6,146,H833_000600.146,Proprietà 1/1,146,False
6,147,H833_000600.147,Proprietà 1/1,147,False
6,148,H833_000600.148,Proprietà 1/1,148,False
6,149,H833_000600.149,Nuda Proprietà e Usufrutto 1/1,149,False
6,151,H833_000600.151,Comproprietà / Proprietà 1/1 (diritti diversi su fogli catastali diversi),151,False
7,3,H833_000700.3,Comproprietà,3,False
7,4,H833_000700.4,Livellario,4,False
7,11,H833_000700.11,Proprietà 1/1,11,False
7,12,H833_000700.12,Proprietà 1/3 e Proprietà 2/3 (Totale 100%),12,False
7,13,H833_000700.13,Proprietà 1/1,13,False
7,24,H833_000700.24,Proprietà 1/1,24,False
7,25,H833_000700.25,Proprietà 1/1,25,False
7,28,H833_000700.28,Nuda Proprietà e Usufrutto 1/1,28,False
7,31,H833_000700.31,Comproprietà,31,False
7,37,H833_000700.37,Proprietà 1/1,37,False
7,44,H833_000700.44,Proprietà 1/1,44,False
7,45,H833_000700.45,Nuda Proprietà e Usufrutto 1/1,45,False
7,48,H833_000700.48,Proprietà 1/1,48,False
7,52,H833_000700.52,Proprietà 1/1,52,False
7,62,H833_000700.62,Nuda Proprietà e Usufrutto 1/1,62,False
7,74,H833_000700.74,Livellario e Usufrutto generale di livello,74,False
7,78,H833_000700.78,Proprietà 1/1 (Fabbricato),78,False
7,88,H833_000700.88,Proprietà 1/1,88,False
7,103,H833_000700.103,Proprietà 1/1,103,False
7,107,H833_000700.107,Proprietà 1/1,107,False
7,111,H833_000700.111,Proprietà 1/1,111,False
7,115,H833_000700.115,Proprietà 1/1,115,False
7,130,H833_000700.130,Proprietà 1/1,130,False
7,131,H833_000700.131,Proprietà 1/1,131,False
7,134,H833_000700.134,Proprietà 1/1,134,False
7,135,H833_000700.135,Proprietà 1/1,135,False
7,136,H833_000700.136,Proprietà 1/1,136,False
7,138,H833_000700.138,Proprietà 1/1,138,False
7,139,H833_000700.139,Proprietà 1/1,139,False
7,140,H833_000700.140,Proprietà 1/1,140,False
7,141,H833_000700.141,Nuda Proprietà e Usufrutto 1/1,141,False
7,145,H833_000700.145,Nuda Proprietà e Usufrutto 1/1,145,False
7,146,H833_000700.146,Proprietà 1/1,146,False
7,147,H833_000700.147,Proprietà 1/1,147,False
7,148,H833_000700.148,Proprietà 1/1,148,False
7,149,H833_000700.149,Nuda Proprietà e Usufrutto 1/1,149,False
7,150,H833_000700.150,Proprietà 1/1,150,False
7,151,H833_000700.151,Comproprietà / Proprietà 1/1 (diritti diversi su fogli catastali diversi),151,False
7,152,H833_000700.152,Nuda Proprietà e Usufrutto 1/1 / Proprietà 1/1 (diritti diversi su fogli catastali diversi),152,False
7,153,H833_000700.153,Nuda Proprietà e Usufrutto 1/1 / Proprietà 1/1 (diritti diversi su fogli catastali diversi),153,False
7,154,H833_000700.154,Proprietà 1/3 e Proprietà 2/3 (Totale 100%) / Proprietà 1/1 (diritti diversi su fogli catastali diversi),154,False
7,155,H833_000700.155,Nuda Proprietà e Usufrutto 1/1 / Proprietà 1/1 (diritti diversi su fogli catastali diversi),155,False
7,156,H833_000700.156,Proprietà 1/3 e Proprietà 2/3 (Totale 100%) / Proprietà 1/1 (diritti diversi su fogli catastali diversi),156,False
7,157,H833_000700.157,Proprietà 1/1,157,False
7,159,H833_000700.159,Proprietà 1/1,159,False
7,161,H833_000700.161,Proprietà 1/1,161,False
7,162,H833_000700.162,Proprietà 1/1,162,False
7,164,H833_000700.164,Proprietà 1/1,164,False
7,192,H833_000700.192,Proprietà 1/1,192,False
7,195,H833_000700.195,Proprietà 1/1,195,False
7,200,H833_000700.200,Comproprietà,200,False
7,201,H833_000700.201,Comproprietà,201,False
7,202,H833_000700.202,Comproprietà,202,False
7,203,H833_000700.203,Comproprietà,203,False
7,204,H833_000700.204,Comproprietà,204,False
7,205,H833_000700.205,Comproprietà,205,False
7,207,H833_000700.207,Proprietà 1/3 e Proprietà 2/3 (Totale 100%),207,False
7,212,H833_000700.212,Proprietà 1/3 e Proprietà 2/3 (Totale 100%),212,False
7,232,H833_000700.232,Comproprietà,232,False
7,244,H833_000700.244,Comproprietà,244,False
7,281,H833_000700.281,Comproprietà / Proprietà 1/1 (diritti diversi su fogli catastali diversi),281,False
7,314,H833_000700.314,Proprietà 1/1,314,False
7,343,H833_000700.343,Proprietà 1/1,343,False
8,3,H833_000800.3,Comproprietà,3,False
8,4,H833_000800.4,Livellario,4,False
8,11,H833_000800.11,Proprietà 1/1,11,False
8,12,H833_000800.12,Proprietà 1/3 e Proprietà 2/3 (Totale 100%),12,False
8,13,H833_000800.13,Proprietà 1/1,13,False
8,18,H833_000800.18,Proprietà 1/1,18,False
8,24,H833_000800.24,Proprietà 1/1,24,False
8,25,H833_000800.25,Proprietà 1/1,25,False
8,28,H833_000800.28,Nuda Proprietà e Usufrutto 1/1,28,False
8,31,H833_000800.31,Comproprietà,31,False
8,37,H833_000800.37,Proprietà 1/1,37,False
9,3,H833_000900.3,Comproprietà,3,False
9,4,H833_000900.4,Livellario,4,False
9,11,H833_000900.11,Proprietà 1/1,11,False
9,12,H833_000900.12,Proprietà 1/3 e Proprietà 2/3 (Totale 100%),12,False
9,13,H833_000900.13,Proprietà 1/1,13,False
9,18,H833_000900.18,Proprietà 1/1,18,False
9,24,H833_000900.24,Proprietà 1/1,24,False
9,25,H833_000900.25,Proprietà 1/1,25,False
9,28,H833_000900.28,Nuda Proprietà e Usufrutto 1/1,28,False
9,31,H833_000900.31,Comproprietà,31,False
9,37,H833_000900.37,Proprietà 1/1,37,False
9,44,H833_000900.44,Proprietà 1/1,44,False
9,45,H833_000900.45,Nuda Proprietà e Usufrutto 1/1,45,False
9,48,H833_000900.48,Proprietà 1/1,48,False
9,52,H833_000900.52,Proprietà 1/1,52,False
9,62,H833_000900.62,Nuda Proprietà e Usufrutto 1/1,62,False
9,74,H833_000900.74,Livellario e Usufrutto generale di livello,74,False
9,78,H833_000900.78,Proprietà 1/1 (Fabbricato),78,False
9,88,H833_000900.88,Proprietà 1/1,88,False
9,103,H833_000900.103,Proprietà 1/1,103,False
9,107,H833_000900.107,Proprietà 1/1,107,False
9,111,H833_000900.111,Proprietà 1/1,111,False
9,115,H833_000900.115,Proprietà 1/1,115,False
9,130,H833_000900.130,Proprietà 1/1,130,False
9,131,H833_000900.131,Proprietà 1/1,131,False
9,134,H833_000900.134,Proprietà 1/1,134,False
9,135,H833_000900.135,Proprietà 1/1,135,False
9,136,H833_000900.136,Proprietà 1/1,136,False
9,138,H833_000900.138,Proprietà 1/1,138,False
9,139,H833_000900.139,Proprietà 1/1,139,False
9,140,H833_000900.140,Proprietà 1/1,140,False
9,141,H833_000900.141,Nuda Proprietà e Usufrutto 1/1,141,False
9,145,H833_000900.145,Nuda Proprietà e Usufrutto 1/1,145,False
9,146,H833_000900.146,Proprietà 1/1,146,False
9,147,H833_000900.147,Proprietà 1/1,147,False
9,148,H833_000900.148,Proprietà 1/1,148,False
9,149,H833_000900.149,Nuda Proprietà e Usufrutto 1/1,149,False
9,150,H833_000900.150,Proprietà 1/1,150,False
9,151,H833_000900.151,Comproprietà / Proprietà 1/1 (diritti diversi su fogli catastali diversi),151,False
9,152,H833_000900.152,Nuda Proprietà e Usufrutto 1/1 / Proprietà 1/1 (diritti diversi su fogli catastali diversi),152,False
9,153,H833_000900.153,Nuda Proprietà e Usufrutto 1/1 / Proprietà 1/1 (diritti diversi su fogli catastali diversi),153,False
9,154,H833_000900.154,Proprietà 1/3 e Proprietà 2/3 (Totale 100%) / Proprietà 1/1 (diritti diversi su fogli catastali diversi),154,False
9,155,H833_000900.155,Nuda Proprietà e Usufrutto 1/1 / Proprietà 1/1 (diritti diversi su fogli catastali diversi),155,False
9,157,H833_000900.157,Proprietà 1/1,157,False
9,161,H833_000900.161,Proprietà 1/1,161,False
9,162,H833_000900.162,Proprietà 1/1,162,False
9,164,H833_000900.164,Proprietà 1/1,164,False
9,192,H833_000900.192,Proprietà 1/1,192,False
9,195,H833_000900.195,Proprietà 1/1,195,False
9,200,H833_000900.200,Comproprietà,200,False
9,201,H833_000900.201,Comproprietà,201,False
9,202,H833_000900.202,Comproprietà,202,False
9,203,H833_000900.203,Comproprietà,203,False
9,204,H833_000900.204,Comproprietà,204,False
9,205,H833_000900.205,Comproprietà,205,False
9,207,H833_000900.207,Proprietà 1/3 e Proprietà 2/3 (Totale 100%),207,False
9,212,H833_000900.212,Proprietà 1/3 e Proprietà 2/3 (Totale 100%),212,False
9,232,H833_000900.232,Comproprietà,232,False
9,244,H833_000900.244,Comproprietà,244,False
9,281,H833_000900.281,Comproprietà / Proprietà 1/1 (diritti diversi su fogli catastali diversi),281,False
9,314,H833_000900.314,Proprietà 1/1,314,False
9,343,H833_000900.343,Proprietà 1/1,343,False
9,374,H833_000900.374,Proprietà 1/1 (Fabbricato),374,False
