requested_particella,matched_count_for_this_number,foglio,particella,national_ref,sheet_ref,gml_id,warning
173,15,1,173,H833_000100.173,H833_000100,CadastralParcel.IT.AGE.PLA.H833_000100.173,DUPLICATE_NEEDS_FOGLIO_CHECK
173,15,22,173,H833_002200.173,H833_002200,CadastralParcel.IT.AGE.PLA.H833_002200.173,DUPLICATE_NEEDS_FOGLIO_CHECK
173,15,21,173,H833_002100.173,H833_002100,CadastralParcel.IT.AGE.PLA.H833_002100.173,DUPLICATE_NEEDS_FOGLIO_CHECK
173,15,18,173,H833_001800.173,H833_001800,CadastralParcel.IT.AGE.PLA.H833_001800.173,DUPLICATE_NEEDS_FOGLIO_CHECK
173,15,17,173,H833_001700.173,H833_001700,CadastralParcel.IT.AGE.PLA.H833_001700.173,DUPLICATE_NEEDS_FOGLIO_CHECK
173,15,16,173,H833_001600.173,H833_001600,CadastralParcel.IT.AGE.PLA.H833_001600.173,DUPLICATE_NEEDS_FOGLIO_CHECK
173,15,15,173,H833_001500.173,H833_001500,CadastralParcel.IT.AGE.PLA.H833_001500.173,DUPLICATE_NEEDS_FOGLIO_CHECK
173,15,14,173,H833_001400.173,H833_001400,CadastralParcel.IT.AGE.PLA.H833_001400.173,DUPLICATE_NEEDS_FOGLIO_CHECK
173,15,13A,173,H833_0013A0.173,H833_0013A0,CadastralParcel.IT.AGE.PLA.H833_0013A0.173,DUPLICATE_NEEDS_FOGLIO_CHECK
173,15,12,173,H833_001200.173,H833_001200,CadastralParcel.IT.AGE.PLA.H833_001200.173,DUPLICATE_NEEDS_FOGLIO_CHECK
173,15,10,173,H833_001000.173,H833_001000,CadastralParcel.IT.AGE.PLA.H833_001000.173,DUPLICATE_NEEDS_FOGLIO_CHECK
173,15,9,173,H833_000900.173,H833_000900,CadastralParcel.IT.AGE.PLA.H833_000900.173,DUPLICATE_NEEDS_FOGLIO_CHECK
173,15,7,173,H833_000700.173,H833_000700,CadastralParcel.IT.AGE.PLA.H833_000700.173,DUPLICATE_NEEDS_FOGLIO_CHECK
173,15,5,173,H833_000500.173,H833_000500,CadastralParcel.IT.AGE.PLA.H833_000500.173,DUPLICATE_NEEDS_FOGLIO_CHECK
173,15,4,173,H833_000400.173,H833_000400,CadastralParcel.IT.AGE.PLA.H833_000400.173,DUPLICATE_NEEDS_FOGLIO_CHECK
383,8,9,383,H833_000900.383,H833_000900,CadastralParcel.IT.AGE.PLA.H833_000900.383,DUPLICATE_NEEDS_FOGLIO_CHECK
383,8,24,383,H833_002400.383,H833_002400,CadastralParcel.IT.AGE.PLA.H833_002400.383,DUPLICATE_NEEDS_FOGLIO_CHECK
383,8,20,383,H833_002000.383,H833_002000,CadastralParcel.IT.AGE.PLA.H833_002000.383,DUPLICATE_NEEDS_FOGLIO_CHECK
383,8,16,383,H833_001600.383,H833_001600,CadastralParcel.IT.AGE.PLA.H833_001600.383,DUPLICATE_NEEDS_FOGLIO_CHECK
383,8,14B,383,H833_0014B0.383,H833_0014B0,CadastralParcel.IT.AGE.PLA.H833_0014B0.383,DUPLICATE_NEEDS_FOGLIO_CHECK
383,8,13A,383,H833_0013A0.383,H833_0013A0,CadastralParcel.IT.AGE.PLA.H833_0013A0.383,DUPLICATE_NEEDS_FOGLIO_CHECK
383,8,12,383,H833_001200.383,H833_001200,CadastralParcel.IT.AGE.PLA.H833_001200.383,DUPLICATE_NEEDS_FOGLIO_CHECK
383,8,10,383,H833_001000.383,H833_001000,CadastralParcel.IT.AGE.PLA.H833_001000.383,DUPLICATE_NEEDS_FOGLIO_CHECK
391,7,9,391,H833_000900.391,H833_000900,CadastralParcel.IT.AGE.PLA.H833_000900.391,DUPLICATE_NEEDS_FOGLIO_CHECK
391,7,24,391,H833_002400.391,H833_002400,CadastralParcel.IT.AGE.PLA.H833_002400.391,DUPLICATE_NEEDS_FOGLIO_CHECK
391,7,16,391,H833_001600.391,H833_001600,CadastralParcel.IT.AGE.PLA.H833_001600.391,DUPLICATE_NEEDS_FOGLIO_CHECK
391,7,14B,391,H833_0014B0.391,H833_0014B0,CadastralParcel.IT.AGE.PLA.H833_0014B0.391,DUPLICATE_NEEDS_FOGLIO_CHECK
391,7,13A,391,H833_0013A0.391,H833_0013A0,CadastralParcel.IT.AGE.PLA.H833_0013A0.391,DUPLICATE_NEEDS_FOGLIO_CHECK
391,7,12,391,H833_001200.391,H833_001200,CadastralParcel.IT.AGE.PLA.H833_001200.391,DUPLICATE_NEEDS_FOGLIO_CHECK
391,7,10,391,H833_001000.391,H833_001000,CadastralParcel.IT.AGE.PLA.H833_001000.391,DUPLICATE_NEEDS_FOGLIO_CHECK
555,4,10,555,H833_001000.555,H833_001000,CadastralParcel.IT.AGE.PLA.H833_001000.555,DUPLICATE_NEEDS_FOGLIO_CHECK
555,4,24,555,H833_002400.555,H833_002400,CadastralParcel.IT.AGE.PLA.H833_002400.555,DUPLICATE_NEEDS_FOGLIO_CHECK
555,4,14B,555,H833_0014B0.555,H833_0014B0,CadastralParcel.IT.AGE.PLA.H833_0014B0.555,DUPLICATE_NEEDS_FOGLIO_CHECK
555,4,13A,555,H833_0013A0.555,H833_0013A0,CadastralParcel.IT.AGE.PLA.H833_0013A0.555,DUPLICATE_NEEDS_FOGLIO_CHECK
556,4,10,556,H833_001000.556,H833_001000,CadastralParcel.IT.AGE.PLA.H833_001000.556,DUPLICATE_NEEDS_FOGLIO_CHECK
556,4,24,556,H833_002400.556,H833_002400,CadastralParcel.IT.AGE.PLA.H833_002400.556,DUPLICATE_NEEDS_FOGLIO_CHECK
556,4,14B,556,H833_0014B0.556,H833_0014B0,CadastralParcel.IT.AGE.PLA.H833_0014B0.556,DUPLICATE_NEEDS_FOGLIO_CHECK
556,4,13A,556,H833_0013A0.556,H833_0013A0,CadastralParcel.IT.AGE.PLA.H833_0013A0.556,DUPLICATE_NEEDS_FOGLIO_CHECK
557,5,10,557,H833_001000.557,H833_001000,CadastralParcel.IT.AGE.PLA.H833_001000.557,DUPLICATE_NEEDS_FOGLIO_CHECK
557,5,24,557,H833_002400.557,H833_002400,CadastralParcel.IT.AGE.PLA.H833_002400.557,DUPLICATE_NEEDS_FOGLIO_CHECK
557,5,14,557,H833_001400.557,H833_001400,CadastralParcel.IT.AGE.PLA.H833_001400.557,DUPLICATE_NEEDS_FOGLIO_CHECK
557,5,13A,557,H833_0013A0.557,H833_0013A0,CadastralParcel.IT.AGE.PLA.H833_0013A0.557,DUPLICATE_NEEDS_FOGLIO_CHECK
557,5,12,557,H833_001200.557,H833_001200,CadastralParcel.IT.AGE.PLA.H833_001200.557,DUPLICATE_NEEDS_FOGLIO_CHECK
558,4,10,558,H833_001000.558,H833_001000,CadastralParcel.IT.AGE.PLA.H833_001000.558,DUPLICATE_NEEDS_FOGLIO_CHECK
558,4,14,558,H833_001400.558,H833_001400,CadastralParcel.IT.AGE.PLA.H833_001400.558,DUPLICATE_NEEDS_FOGLIO_CHECK
558,4,13A,558,H833_0013A0.558,H833_0013A0,CadastralParcel.IT.AGE.PLA.H833_0013A0.558,DUPLICATE_NEEDS_FOGLIO_CHECK
558,4,12,558,H833_001200.558,H833_001200,CadastralParcel.IT.AGE.PLA.H833_001200.558,DUPLICATE_NEEDS_FOGLIO_CHECK
559,4,10,559,H833_001000.559,H833_001000,CadastralParcel.IT.AGE.PLA.H833_001000.559,DUPLICATE_NEEDS_FOGLIO_CHECK
559,4,24,559,H833_002400.559,H833_002400,CadastralParcel.IT.AGE.PLA.H833_002400.559,DUPLICATE_NEEDS_FOGLIO_CHECK
559,4,14,559,H833_001400.559,H833_001400,CadastralParcel.IT.AGE.PLA.H833_001400.559,DUPLICATE_NEEDS_FOGLIO_CHECK
559,4,13A,559,H833_0013A0.559,H833_0013A0,CadastralParcel.IT.AGE.PLA.H833_0013A0.559,DUPLICATE_NEEDS_FOGLIO_CHECK
560,4,10,560,H833_001000.560,H833_001000,CadastralParcel.IT.AGE.PLA.H833_001000.560,DUPLICATE_NEEDS_FOGLIO_CHECK
560,4,24,560,H833_002400.560,H833_002400,CadastralParcel.IT.AGE.PLA.H833_002400.560,DUPLICATE_NEEDS_FOGLIO_CHECK
560,4,14,560,H833_001400.560,H833_001400,CadastralParcel.IT.AGE.PLA.H833_001400.560,DUPLICATE_NEEDS_FOGLIO_CHECK
560,4,13A,560,H833_0013A0.560,H833_0013A0,CadastralParcel.IT.AGE.PLA.H833_0013A0.560,DUPLICATE_NEEDS_FOGLIO_CHECK
561,5,10,561,H833_001000.561,H833_001000,CadastralParcel.IT.AGE.PLA.H833_001000.561,DUPLICATE_NEEDS_FOGLIO_CHECK
561,5,24,561,H833_002400.561,H833_002400,CadastralParcel.IT.AGE.PLA.H833_002400.561,DUPLICATE_NEEDS_FOGLIO_CHECK
561,5,14,561,H833_001400.561,H833_001400,CadastralParcel.IT.AGE.PLA.H833_001400.561,DUPLICATE_NEEDS_FOGLIO_CHECK
561,5,13A,561,H833_0013A0.561,H833_0013A0,CadastralParcel.IT.AGE.PLA.H833_0013A0.561,DUPLICATE_NEEDS_FOGLIO_CHECK
561,5,12,561,H833_001200.561,H833_001200,CadastralParcel.IT.AGE.PLA.H833_001200.561,DUPLICATE_NEEDS_FOGLIO_CHECK
562,5,10,562,H833_001000.562,H833_001000,CadastralParcel.IT.AGE.PLA.H833_001000.562,DUPLICATE_NEEDS_FOGLIO_CHECK
562,5,24,562,H833_002400.562,H833_002400,CadastralParcel.IT.AGE.PLA.H833_002400.562,DUPLICATE_NEEDS_FOGLIO_CHECK
562,5,14,562,H833_001400.562,H833_001400,CadastralParcel.IT.AGE.PLA.H833_001400.562,DUPLICATE_NEEDS_FOGLIO_CHECK
562,5,13A,562,H833_0013A0.562,H833_0013A0,CadastralParcel.IT.AGE.PLA.H833_0013A0.562,DUPLICATE_NEEDS_FOGLIO_CHECK
562,5,12,562,H833_001200.562,H833_001200,CadastralParcel.IT.AGE.PLA.H833_001200.562,DUPLICATE_NEEDS_FOGLIO_CHECK
563,5,10,563,H833_001000.563,H833_001000,CadastralParcel.IT.AGE.PLA.H833_001000.563,DUPLICATE_NEEDS_FOGLIO_CHECK
563,5,24,563,H833_002400.563,H833_002400,CadastralParcel.IT.AGE.PLA.H833_002400.563,DUPLICATE_NEEDS_FOGLIO_CHECK
563,5,14,563,H833_001400.563,H833_001400,CadastralParcel.IT.AGE.PLA.H833_001400.563,DUPLICATE_NEEDS_FOGLIO_CHECK
563,5,13A,563,H833_0013A0.563,H833_0013A0,CadastralParcel.IT.AGE.PLA.H833_0013A0.563,DUPLICATE_NEEDS_FOGLIO_CHECK
563,5,12,563,H833_001200.563,H833_001200,CadastralParcel.IT.AGE.PLA.H833_001200.563,DUPLICATE_NEEDS_FOGLIO_CHECK
564,5,10,564,H833_001000.564,H833_001000,CadastralParcel.IT.AGE.PLA.H833_001000.564,DUPLICATE_NEEDS_FOGLIO_CHECK
564,5,24,564,H833_002400.564,H833_002400,CadastralParcel.IT.AGE.PLA.H833_002400.564,DUPLICATE_NEEDS_FOGLIO_CHECK
564,5,14,564,H833_001400.564,H833_001400,CadastralParcel.IT.AGE.PLA.H833_001400.564,DUPLICATE_NEEDS_FOGLIO_CHECK
564,5,13,564,H833_001300.564,H833_001300,CadastralParcel.IT.AGE.PLA.H833_001300.564,DUPLICATE_NEEDS_FOGLIO_CHECK
564,5,12,564,H833_001200.564,H833_001200,CadastralParcel.IT.AGE.PLA.H833_001200.564,DUPLICATE_NEEDS_FOGLIO_CHECK
565,4,10,565,H833_001000.565,H833_001000,CadastralParcel.IT.AGE.PLA.H833_001000.565,DUPLICATE_NEEDS_FOGLIO_CHECK
565,4,14,565,H833_001400.565,H833_001400,CadastralParcel.IT.AGE.PLA.H833_001400.565,DUPLICATE_NEEDS_FOGLIO_CHECK
565,4,13,565,H833_001300.565,H833_001300,CadastralParcel.IT.AGE.PLA.H833_001300.565,DUPLICATE_NEEDS_FOGLIO_CHECK
565,4,12,565,H833_001200.565,H833_001200,CadastralParcel.IT.AGE.PLA.H833_001200.565,DUPLICATE_NEEDS_FOGLIO_CHECK
566,5,10,566,H833_001000.566,H833_001000,CadastralParcel.IT.AGE.PLA.H833_001000.566,DUPLICATE_NEEDS_FOGLIO_CHECK
566,5,24,566,H833_002400.566,H833_002400,CadastralParcel.IT.AGE.PLA.H833_002400.566,DUPLICATE_NEEDS_FOGLIO_CHECK
566,5,14,566,H833_001400.566,H833_001400,CadastralParcel.IT.AGE.PLA.H833_001400.566,DUPLICATE_NEEDS_FOGLIO_CHECK
566,5,13,566,H833_001300.566,H833_001300,CadastralParcel.IT.AGE.PLA.H833_001300.566,DUPLICATE_NEEDS_FOGLIO_CHECK
566,5,12,566,H833_001200.566,H833_001200,CadastralParcel.IT.AGE.PLA.H833_001200.566,DUPLICATE_NEEDS_FOGLIO_CHECK
567,5,10,567,H833_001000.567,H833_001000,CadastralParcel.IT.AGE.PLA.H833_001000.567,DUPLICATE_NEEDS_FOGLIO_CHECK
567,5,24,567,H833_002400.567,H833_002400,CadastralParcel.IT.AGE.PLA.H833_002400.567,DUPLICATE_NEEDS_FOGLIO_CHECK
567,5,14,567,H833_001400.567,H833_001400,CadastralParcel.IT.AGE.PLA.H833_001400.567,DUPLICATE_NEEDS_FOGLIO_CHECK
567,5,13,567,H833_001300.567,H833_001300,CadastralParcel.IT.AGE.PLA.H833_001300.567,DUPLICATE_NEEDS_FOGLIO_CHECK
567,5,12,567,H833_001200.567,H833_001200,CadastralParcel.IT.AGE.PLA.H833_001200.567,DUPLICATE_NEEDS_FOGLIO_CHECK
569,5,10,569,H833_001000.569,H833_001000,CadastralParcel.IT.AGE.PLA.H833_001000.569,DUPLICATE_NEEDS_FOGLIO_CHECK
569,5,24,569,H833_002400.569,H833_002400,CadastralParcel.IT.AGE.PLA.H833_002400.569,DUPLICATE_NEEDS_FOGLIO_CHECK
569,5,14,569,H833_001400.569,H833_001400,CadastralParcel.IT.AGE.PLA.H833_001400.569,DUPLICATE_NEEDS_FOGLIO_CHECK
569,5,13,569,H833_001300.569,H833_001300,CadastralParcel.IT.AGE.PLA.H833_001300.569,DUPLICATE_NEEDS_FOGLIO_CHECK
569,5,12,569,H833_001200.569,H833_001200,CadastralParcel.IT.AGE.PLA.H833_001200.569,DUPLICATE_NEEDS_FOGLIO_CHECK
570,4,10,570,H833_001000.570,H833_001000,CadastralParcel.IT.AGE.PLA.H833_001000.570,DUPLICATE_NEEDS_FOGLIO_CHECK
570,4,24,570,H833_002400.570,H833_002400,CadastralParcel.IT.AGE.PLA.H833_002400.570,DUPLICATE_NEEDS_FOGLIO_CHECK
570,4,14,570,H833_001400.570,H833_001400,CadastralParcel.IT.AGE.PLA.H833_001400.570,DUPLICATE_NEEDS_FOGLIO_CHECK
570,4,13,570,H833_001300.570,H833_001300,CadastralParcel.IT.AGE.PLA.H833_001300.570,DUPLICATE_NEEDS_FOGLIO_CHECK
571,4,10,571,H833_001000.571,H833_001000,CadastralParcel.IT.AGE.PLA.H833_001000.571,DUPLICATE_NEEDS_FOGLIO_CHECK
571,4,24,571,H833_002400.571,H833_002400,CadastralParcel.IT.AGE.PLA.H833_002400.571,DUPLICATE_NEEDS_FOGLIO_CHECK
571,4,14,571,H833_001400.571,H833_001400,CadastralParcel.IT.AGE.PLA.H833_001400.571,DUPLICATE_NEEDS_FOGLIO_CHECK
571,4,13,571,H833_001300.571,H833_001300,CadastralParcel.IT.AGE.PLA.H833_001300.571,DUPLICATE_NEEDS_FOGLIO_CHECK
572,3,10,572,H833_001000.572,H833_001000,CadastralParcel.IT.AGE.PLA.H833_001000.572,DUPLICATE_NEEDS_FOGLIO_CHECK
572,3,14,572,H833_001400.572,H833_001400,CadastralParcel.IT.AGE.PLA.H833_001400.572,DUPLICATE_NEEDS_FOGLIO_CHECK
572,3,13,572,H833_001300.572,H833_001300,CadastralParcel.IT.AGE.PLA.H833_001300.572,DUPLICATE_NEEDS_FOGLIO_CHECK
573,4,10,573,H833_001000.573,H833_001000,CadastralParcel.IT.AGE.PLA.H833_001000.573,DUPLICATE_NEEDS_FOGLIO_CHECK
573,4,24,573,H833_002400.573,H833_002400,CadastralParcel.IT.AGE.PLA.H833_002400.573,DUPLICATE_NEEDS_FOGLIO_CHECK
573,4,14,573,H833_001400.573,H833_001400,CadastralParcel.IT.AGE.PLA.H833_001400.573,DUPLICATE_NEEDS_FOGLIO_CHECK
573,4,13,573,H833_001300.573,H833_001300,CadastralParcel.IT.AGE.PLA.H833_001300.573,DUPLICATE_NEEDS_FOGLIO_CHECK
575,5,10,575,H833_001000.575,H833_001000,CadastralParcel.IT.AGE.PLA.H833_001000.575,DUPLICATE_NEEDS_FOGLIO_CHECK
575,5,24,575,H833_002400.575,H833_002400,CadastralParcel.IT.AGE.PLA.H833_002400.575,DUPLICATE_NEEDS_FOGLIO_CHECK
575,5,14B,575,H833_0014B0.575,H833_0014B0,CadastralParcel.IT.AGE.PLA.H833_0014B0.575,DUPLICATE_NEEDS_FOGLIO_CHECK
575,5,13,575,H833_001300.575,H833_001300,CadastralParcel.IT.AGE.PLA.H833_001300.575,DUPLICATE_NEEDS_FOGLIO_CHECK
575,5,12,575,H833_001200.575,H833_001200,CadastralParcel.IT.AGE.PLA.H833_001200.575,DUPLICATE_NEEDS_FOGLIO_CHECK
576,5,10,576,H833_001000.576,H833_001000,CadastralParcel.IT.AGE.PLA.H833_001000.576,DUPLICATE_NEEDS_FOGLIO_CHECK
576,5,24,576,H833_002400.576,H833_002400,CadastralParcel.IT.AGE.PLA.H833_002400.576,DUPLICATE_NEEDS_FOGLIO_CHECK
576,5,14B,576,H833_0014B0.576,H833_0014B0,CadastralParcel.IT.AGE.PLA.H833_0014B0.576,DUPLICATE_NEEDS_FOGLIO_CHECK
576,5,13,576,H833_001300.576,H833_001300,CadastralParcel.IT.AGE.PLA.H833_001300.576,DUPLICATE_NEEDS_FOGLIO_CHECK
576,5,12,576,H833_001200.576,H833_001200,CadastralParcel.IT.AGE.PLA.H833_001200.576,DUPLICATE_NEEDS_FOGLIO_CHECK
580,4,10,580,H833_001000.580,H833_001000,CadastralParcel.IT.AGE.PLA.H833_001000.580,DUPLICATE_NEEDS_FOGLIO_CHECK
580,4,14,580,H833_001400.580,H833_001400,CadastralParcel.IT.AGE.PLA.H833_001400.580,DUPLICATE_NEEDS_FOGLIO_CHECK
580,4,13,580,H833_001300.580,H833_001300,CadastralParcel.IT.AGE.PLA.H833_001300.580,DUPLICATE_NEEDS_FOGLIO_CHECK
580,4,12,580,H833_001200.580,H833_001200,CadastralParcel.IT.AGE.PLA.H833_001200.580,DUPLICATE_NEEDS_FOGLIO_CHECK
581,3,10,581,H833_001000.581,H833_001000,CadastralParcel.IT.AGE.PLA.H833_001000.581,DUPLICATE_NEEDS_FOGLIO_CHECK
581,3,13,581,H833_001300.581,H833_001300,CadastralParcel.IT.AGE.PLA.H833_001300.581,DUPLICATE_NEEDS_FOGLIO_CHECK
581,3,12,581,H833_001200.581,H833_001200,CadastralParcel.IT.AGE.PLA.H833_001200.581,DUPLICATE_NEEDS_FOGLIO_CHECK
582,3,10,582,H833_001000.582,H833_001000,CadastralParcel.IT.AGE.PLA.H833_001000.582,DUPLICATE_NEEDS_FOGLIO_CHECK
582,3,13,582,H833_001300.582,H833_001300,CadastralParcel.IT.AGE.PLA.H833_001300.582,DUPLICATE_NEEDS_FOGLIO_CHECK
582,3,12,582,H833_001200.582,H833_001200,CadastralParcel.IT.AGE.PLA.H833_001200.582,DUPLICATE_NEEDS_FOGLIO_CHECK
583,4,10,583,H833_001000.583,H833_001000,CadastralParcel.IT.AGE.PLA.H833_001000.583,DUPLICATE_NEEDS_FOGLIO_CHECK
583,4,14B,583,H833_0014B0.583,H833_0014B0,CadastralParcel.IT.AGE.PLA.H833_0014B0.583,DUPLICATE_NEEDS_FOGLIO_CHECK
583,4,13,583,H833_001300.583,H833_001300,CadastralParcel.IT.AGE.PLA.H833_001300.583,DUPLICATE_NEEDS_FOGLIO_CHECK
583,4,12,583,H833_001200.583,H833_001200,CadastralParcel.IT.AGE.PLA.H833_001200.583,DUPLICATE_NEEDS_FOGLIO_CHECK
584,1,13,584,H833_001300.584,H833_001300,CadastralParcel.IT.AGE.PLA.H833_001300.584,
585,2,12,585,H833_001200.585,H833_001200,CadastralParcel.IT.AGE.PLA.H833_001200.585,DUPLICATE_NEEDS_FOGLIO_CHECK
585,2,13,585,H833_001300.585,H833_001300,CadastralParcel.IT.AGE.PLA.H833_001300.585,DUPLICATE_NEEDS_FOGLIO_CHECK
586,1,13,586,H833_001300.586,H833_001300,CadastralParcel.IT.AGE.PLA.H833_001300.586,
587,3,12,587,H833_001200.587,H833_001200,CadastralParcel.IT.AGE.PLA.H833_001200.587,DUPLICATE_NEEDS_FOGLIO_CHECK
587,3,14,587,H833_001400.587,H833_001400,CadastralParcel.IT.AGE.PLA.H833_001400.587,DUPLICATE_NEEDS_FOGLIO_CHECK
587,3,13,587,H833_001300.587,H833_001300,CadastralParcel.IT.AGE.PLA.H833_001300.587,DUPLICATE_NEEDS_FOGLIO_CHECK
591,3,12,591,H833_001200.591,H833_001200,CadastralParcel.IT.AGE.PLA.H833_001200.591,DUPLICATE_NEEDS_FOGLIO_CHECK
591,3,14,591,H833_001400.591,H833_001400,CadastralParcel.IT.AGE.PLA.H833_001400.591,DUPLICATE_NEEDS_FOGLIO_CHECK
591,3,13,591,H833_001300.591,H833_001300,CadastralParcel.IT.AGE.PLA.H833_001300.591,DUPLICATE_NEEDS_FOGLIO_CHECK
592,4,10,592,H833_001000.592,H833_001000,CadastralParcel.IT.AGE.PLA.H833_001000.592,DUPLICATE_NEEDS_FOGLIO_CHECK
592,4,14,592,H833_001400.592,H833_001400,CadastralParcel.IT.AGE.PLA.H833_001400.592,DUPLICATE_NEEDS_FOGLIO_CHECK
592,4,13,592,H833_001300.592,H833_001300,CadastralParcel.IT.AGE.PLA.H833_001300.592,DUPLICATE_NEEDS_FOGLIO_CHECK
592,4,12,592,H833_001200.592,H833_001200,CadastralParcel.IT.AGE.PLA.H833_001200.592,DUPLICATE_NEEDS_FOGLIO_CHECK
594,4,10,594,H833_001000.594,H833_001000,CadastralParcel.IT.AGE.PLA.H833_001000.594,DUPLICATE_NEEDS_FOGLIO_CHECK
594,4,14,594,H833_001400.594,H833_001400,CadastralParcel.IT.AGE.PLA.H833_001400.594,DUPLICATE_NEEDS_FOGLIO_CHECK
594,4,13,594,H833_001300.594,H833_001300,CadastralParcel.IT.AGE.PLA.H833_001300.594,DUPLICATE_NEEDS_FOGLIO_CHECK
594,4,12,594,H833_001200.594,H833_001200,CadastralParcel.IT.AGE.PLA.H833_001200.594,DUPLICATE_NEEDS_FOGLIO_CHECK
595,3,10,595,H833_001000.595,H833_001000,CadastralParcel.IT.AGE.PLA.H833_001000.595,DUPLICATE_NEEDS_FOGLIO_CHECK
595,3,13,595,H833_001300.595,H833_001300,CadastralParcel.IT.AGE.PLA.H833_001300.595,DUPLICATE_NEEDS_FOGLIO_CHECK
595,3,12,595,H833_001200.595,H833_001200,CadastralParcel.IT.AGE.PLA.H833_001200.595,DUPLICATE_NEEDS_FOGLIO_CHECK
597,3,10,597,H833_001000.597,H833_001000,CadastralParcel.IT.AGE.PLA.H833_001000.597,DUPLICATE_NEEDS_FOGLIO_CHECK
597,3,13,597,H833_001300.597,H833_001300,CadastralParcel.IT.AGE.PLA.H833_001300.597,DUPLICATE_NEEDS_FOGLIO_CHECK
597,3,12,597,H833_001200.597,H833_001200,CadastralParcel.IT.AGE.PLA.H833_001200.597,DUPLICATE_NEEDS_FOGLIO_CHECK
598,4,10,598,H833_001000.598,H833_001000,CadastralParcel.IT.AGE.PLA.H833_001000.598,DUPLICATE_NEEDS_FOGLIO_CHECK
598,4,14,598,H833_001400.598,H833_001400,CadastralParcel.IT.AGE.PLA.H833_001400.598,DUPLICATE_NEEDS_FOGLIO_CHECK
598,4,13,598,H833_001300.598,H833_001300,CadastralParcel.IT.AGE.PLA.H833_001300.598,DUPLICATE_NEEDS_FOGLIO_CHECK
598,4,12,598,H833_001200.598,H833_001200,CadastralParcel.IT.AGE.PLA.H833_001200.598,DUPLICATE_NEEDS_FOGLIO_CHECK
600,4,10,600,H833_001000.600,H833_001000,CadastralParcel.IT.AGE.PLA.H833_001000.600,DUPLICATE_NEEDS_FOGLIO_CHECK
600,4,14,600,H833_001400.600,H833_001400,CadastralParcel.IT.AGE.PLA.H833_001400.600,DUPLICATE_NEEDS_FOGLIO_CHECK
600,4,13,600,H833_001300.600,H833_001300,CadastralParcel.IT.AGE.PLA.H833_001300.600,DUPLICATE_NEEDS_FOGLIO_CHECK
600,4,12,600,H833_001200.600,H833_001200,CadastralParcel.IT.AGE.PLA.H833_001200.600,DUPLICATE_NEEDS_FOGLIO_CHECK
601,3,10,601,H833_001000.601,H833_001000,CadastralParcel.IT.AGE.PLA.H833_001000.601,DUPLICATE_NEEDS_FOGLIO_CHECK
601,3,13,601,H833_001300.601,H833_001300,CadastralParcel.IT.AGE.PLA.H833_001300.601,DUPLICATE_NEEDS_FOGLIO_CHECK
601,3,12,601,H833_001200.601,H833_001200,CadastralParcel.IT.AGE.PLA.H833_001200.601,DUPLICATE_NEEDS_FOGLIO_CHECK
604,3,12,604,H833_001200.604,H833_001200,CadastralParcel.IT.AGE.PLA.H833_001200.604,DUPLICATE_NEEDS_FOGLIO_CHECK
604,3,14,604,H833_001400.604,H833_001400,CadastralParcel.IT.AGE.PLA.H833_001400.604,DUPLICATE_NEEDS_FOGLIO_CHECK
604,3,13,604,H833_001300.604,H833_001300,CadastralParcel.IT.AGE.PLA.H833_001300.604,DUPLICATE_NEEDS_FOGLIO_CHECK
605,3,10,605,H833_001000.605,H833_001000,CadastralParcel.IT.AGE.PLA.H833_001000.605,DUPLICATE_NEEDS_FOGLIO_CHECK
605,3,13,605,H833_001300.605,H833_001300,CadastralParcel.IT.AGE.PLA.H833_001300.605,DUPLICATE_NEEDS_FOGLIO_CHECK
605,3,12,605,H833_001200.605,H833_001200,CadastralParcel.IT.AGE.PLA.H833_001200.605,DUPLICATE_NEEDS_FOGLIO_CHECK
606,4,10,606,H833_001000.606,H833_001000,CadastralParcel.IT.AGE.PLA.H833_001000.606,DUPLICATE_NEEDS_FOGLIO_CHECK
606,4,14,606,H833_001400.606,H833_001400,CadastralParcel.IT.AGE.PLA.H833_001400.606,DUPLICATE_NEEDS_FOGLIO_CHECK
606,4,13,606,H833_001300.606,H833_001300,CadastralParcel.IT.AGE.PLA.H833_001300.606,DUPLICATE_NEEDS_FOGLIO_CHECK
606,4,12,606,H833_001200.606,H833_001200,CadastralParcel.IT.AGE.PLA.H833_001200.606,DUPLICATE_NEEDS_FOGLIO_CHECK
607,4,10,607,H833_001000.607,H833_001000,CadastralParcel.IT.AGE.PLA.H833_001000.607,DUPLICATE_NEEDS_FOGLIO_CHECK
607,4,14,607,H833_001400.607,H833_001400,CadastralParcel.IT.AGE.PLA.H833_001400.607,DUPLICATE_NEEDS_FOGLIO_CHECK
607,4,13,607,H833_001300.607,H833_001300,CadastralParcel.IT.AGE.PLA.H833_001300.607,DUPLICATE_NEEDS_FOGLIO_CHECK
607,4,12,607,H833_001200.607,H833_001200,CadastralParcel.IT.AGE.PLA.H833_001200.607,DUPLICATE_NEEDS_FOGLIO_CHECK
611,4,10,611,H833_001000.611,H833_001000,CadastralParcel.IT.AGE.PLA.H833_001000.611,DUPLICATE_NEEDS_FOGLIO_CHECK
611,4,14B,611,H833_0014B0.611,H833_0014B0,CadastralParcel.IT.AGE.PLA.H833_0014B0.611,DUPLICATE_NEEDS_FOGLIO_CHECK
611,4,13,611,H833_001300.611,H833_001300,CadastralParcel.IT.AGE.PLA.H833_001300.611,DUPLICATE_NEEDS_FOGLIO_CHECK
611,4,12,611,H833_001200.611,H833_001200,CadastralParcel.IT.AGE.PLA.H833_001200.611,DUPLICATE_NEEDS_FOGLIO_CHECK
612,2,10,612,H833_001000.612,H833_001000,CadastralParcel.IT.AGE.PLA.H833_001000.612,DUPLICATE_NEEDS_FOGLIO_CHECK
612,2,13,612,H833_001300.612,H833_001300,CadastralParcel.IT.AGE.PLA.H833_001300.612,DUPLICATE_NEEDS_FOGLIO_CHECK
613,2,10,613,H833_001000.613,H833_001000,CadastralParcel.IT.AGE.PLA.H833_001000.613,DUPLICATE_NEEDS_FOGLIO_CHECK
613,2,13,613,H833_001300.613,H833_001300,CadastralParcel.IT.AGE.PLA.H833_001300.613,DUPLICATE_NEEDS_FOGLIO_CHECK
614,3,10,614,H833_001000.614,H833_001000,CadastralParcel.IT.AGE.PLA.H833_001000.614,DUPLICATE_NEEDS_FOGLIO_CHECK
614,3,14B,614,H833_0014B0.614,H833_0014B0,CadastralParcel.IT.AGE.PLA.H833_0014B0.614,DUPLICATE_NEEDS_FOGLIO_CHECK
614,3,13,614,H833_001300.614,H833_001300,CadastralParcel.IT.AGE.PLA.H833_001300.614,DUPLICATE_NEEDS_FOGLIO_CHECK
616,1,13,616,H833_001300.616,H833_001300,CadastralParcel.IT.AGE.PLA.H833_001300.616,
617,2,10,617,H833_001000.617,H833_001000,CadastralParcel.IT.AGE.PLA.H833_001000.617,DUPLICATE_NEEDS_FOGLIO_CHECK
617,2,14B,617,H833_0014B0.617,H833_0014B0,CadastralParcel.IT.AGE.PLA.H833_0014B0.617,DUPLICATE_NEEDS_FOGLIO_CHECK
619,3,10,619,H833_001000.619,H833_001000,CadastralParcel.IT.AGE.PLA.H833_001000.619,DUPLICATE_NEEDS_FOGLIO_CHECK
619,3,14B,619,H833_0014B0.619,H833_0014B0,CadastralParcel.IT.AGE.PLA.H833_0014B0.619,DUPLICATE_NEEDS_FOGLIO_CHECK
619,3,13,619,H833_001300.619,H833_001300,CadastralParcel.IT.AGE.PLA.H833_001300.619,DUPLICATE_NEEDS_FOGLIO_CHECK
622,3,10,622,H833_001000.622,H833_001000,CadastralParcel.IT.AGE.PLA.H833_001000.622,DUPLICATE_NEEDS_FOGLIO_CHECK
622,3,14B,622,H833_0014B0.622,H833_0014B0,CadastralParcel.IT.AGE.PLA.H833_0014B0.622,DUPLICATE_NEEDS_FOGLIO_CHECK
622,3,13,622,H833_001300.622,H833_001300,CadastralParcel.IT.AGE.PLA.H833_001300.622,DUPLICATE_NEEDS_FOGLIO_CHECK
623,3,10,623,H833_001000.623,H833_001000,CadastralParcel.IT.AGE.PLA.H833_001000.623,DUPLICATE_NEEDS_FOGLIO_CHECK
623,3,14B,623,H833_0014B0.623,H833_0014B0,CadastralParcel.IT.AGE.PLA.H833_0014B0.623,DUPLICATE_NEEDS_FOGLIO_CHECK
623,3,13,623,H833_001300.623,H833_001300,CadastralParcel.IT.AGE.PLA.H833_001300.623,DUPLICATE_NEEDS_FOGLIO_CHECK
624,3,10,624,H833_001000.624,H833_001000,CadastralParcel.IT.AGE.PLA.H833_001000.624,DUPLICATE_NEEDS_FOGLIO_CHECK
624,3,14,624,H833_001400.624,H833_001400,CadastralParcel.IT.AGE.PLA.H833_001400.624,DUPLICATE_NEEDS_FOGLIO_CHECK
624,3,13,624,H833_001300.624,H833_001300,CadastralParcel.IT.AGE.PLA.H833_001300.624,DUPLICATE_NEEDS_FOGLIO_CHECK
625,3,10,625,H833_001000.625,H833_001000,CadastralParcel.IT.AGE.PLA.H833_001000.625,DUPLICATE_NEEDS_FOGLIO_CHECK
625,3,14,625,H833_001400.625,H833_001400,CadastralParcel.IT.AGE.PLA.H833_001400.625,DUPLICATE_NEEDS_FOGLIO_CHECK
625,3,13,625,H833_001300.625,H833_001300,CadastralParcel.IT.AGE.PLA.H833_001300.625,DUPLICATE_NEEDS_FOGLIO_CHECK
626,3,10,626,H833_001000.626,H833_001000,CadastralParcel.IT.AGE.PLA.H833_001000.626,DUPLICATE_NEEDS_FOGLIO_CHECK
626,3,14,626,H833_001400.626,H833_001400,CadastralParcel.IT.AGE.PLA.H833_001400.626,DUPLICATE_NEEDS_FOGLIO_CHECK
626,3,13,626,H833_001300.626,H833_001300,CadastralParcel.IT.AGE.PLA.H833_001300.626,DUPLICATE_NEEDS_FOGLIO_CHECK
627,3,10,627,H833_001000.627,H833_001000,CadastralParcel.IT.AGE.PLA.H833_001000.627,DUPLICATE_NEEDS_FOGLIO_CHECK
627,3,14,627,H833_001400.627,H833_001400,CadastralParcel.IT.AGE.PLA.H833_001400.627,DUPLICATE_NEEDS_FOGLIO_CHECK
627,3,13,627,H833_001300.627,H833_001300,CadastralParcel.IT.AGE.PLA.H833_001300.627,DUPLICATE_NEEDS_FOGLIO_CHECK
628,3,10,628,H833_001000.628,H833_001000,CadastralParcel.IT.AGE.PLA.H833_001000.628,DUPLICATE_NEEDS_FOGLIO_CHECK
628,3,14,628,H833_001400.628,H833_001400,CadastralParcel.IT.AGE.PLA.H833_001400.628,DUPLICATE_NEEDS_FOGLIO_CHECK
628,3,13,628,H833_001300.628,H833_001300,CadastralParcel.IT.AGE.PLA.H833_001300.628,DUPLICATE_NEEDS_FOGLIO_CHECK
635,3,10,635,H833_001000.635,H833_001000,CadastralParcel.IT.AGE.PLA.H833_001000.635,DUPLICATE_NEEDS_FOGLIO_CHECK
635,3,14,635,H833_001400.635,H833_001400,CadastralParcel.IT.AGE.PLA.H833_001400.635,DUPLICATE_NEEDS_FOGLIO_CHECK
635,3,13,635,H833_001300.635,H833_001300,CadastralParcel.IT.AGE.PLA.H833_001300.635,DUPLICATE_NEEDS_FOGLIO_CHECK
636,3,10,636,H833_001000.636,H833_001000,CadastralParcel.IT.AGE.PLA.H833_001000.636,DUPLICATE_NEEDS_FOGLIO_CHECK
636,3,14,636,H833_001400.636,H833_001400,CadastralParcel.IT.AGE.PLA.H833_001400.636,DUPLICATE_NEEDS_FOGLIO_CHECK
636,3,13,636,H833_001300.636,H833_001300,CadastralParcel.IT.AGE.PLA.H833_001300.636,DUPLICATE_NEEDS_FOGLIO_CHECK
637,2,10,637,H833_001000.637,H833_001000,CadastralParcel.IT.AGE.PLA.H833_001000.637,DUPLICATE_NEEDS_FOGLIO_CHECK
637,2,13,637,H833_001300.637,H833_001300,CadastralParcel.IT.AGE.PLA.H833_001300.637,DUPLICATE_NEEDS_FOGLIO_CHECK
640,3,10,640,H833_001000.640,H833_001000,CadastralParcel.IT.AGE.PLA.H833_001000.640,DUPLICATE_NEEDS_FOGLIO_CHECK
640,3,14,640,H833_001400.640,H833_001400,CadastralParcel.IT.AGE.PLA.H833_001400.640,DUPLICATE_NEEDS_FOGLIO_CHECK
640,3,13,640,H833_001300.640,H833_001300,CadastralParcel.IT.AGE.PLA.H833_001300.640,DUPLICATE_NEEDS_FOGLIO_CHECK
641,3,10,641,H833_001000.641,H833_001000,CadastralParcel.IT.AGE.PLA.H833_001000.641,DUPLICATE_NEEDS_FOGLIO_CHECK
641,3,14,641,H833_001400.641,H833_001400,CadastralParcel.IT.AGE.PLA.H833_001400.641,DUPLICATE_NEEDS_FOGLIO_CHECK
641,3,13,641,H833_001300.641,H833_001300,CadastralParcel.IT.AGE.PLA.H833_001300.641,DUPLICATE_NEEDS_FOGLIO_CHECK
642,3,10,642,H833_001000.642,H833_001000,CadastralParcel.IT.AGE.PLA.H833_001000.642,DUPLICATE_NEEDS_FOGLIO_CHECK
642,3,14,642,H833_001400.642,H833_001400,CadastralParcel.IT.AGE.PLA.H833_001400.642,DUPLICATE_NEEDS_FOGLIO_CHECK
642,3,13,642,H833_001300.642,H833_001300,CadastralParcel.IT.AGE.PLA.H833_001300.642,DUPLICATE_NEEDS_FOGLIO_CHECK
650,3,10,650,H833_001000.650,H833_001000,CadastralParcel.IT.AGE.PLA.H833_001000.650,DUPLICATE_NEEDS_FOGLIO_CHECK
650,3,14B,650,H833_0014B0.650,H833_0014B0,CadastralParcel.IT.AGE.PLA.H833_0014B0.650,DUPLICATE_NEEDS_FOGLIO_CHECK
650,3,13,650,H833_001300.650,H833_001300,CadastralParcel.IT.AGE.PLA.H833_001300.650,DUPLICATE_NEEDS_FOGLIO_CHECK
651,3,10,651,H833_001000.651,H833_001000,CadastralParcel.IT.AGE.PLA.H833_001000.651,DUPLICATE_NEEDS_FOGLIO_CHECK
651,3,14B,651,H833_0014B0.651,H833_0014B0,CadastralParcel.IT.AGE.PLA.H833_0014B0.651,DUPLICATE_NEEDS_FOGLIO_CHECK
651,3,13,651,H833_001300.651,H833_001300,CadastralParcel.IT.AGE.PLA.H833_001300.651,DUPLICATE_NEEDS_FOGLIO_CHECK
669,2,10,669,H833_001000.669,H833_001000,CadastralParcel.IT.AGE.PLA.H833_001000.669,DUPLICATE_NEEDS_FOGLIO_CHECK
669,2,13A,669,H833_0013A0.669,H833_0013A0,CadastralParcel.IT.AGE.PLA.H833_0013A0.669,DUPLICATE_NEEDS_FOGLIO_CHECK
700,3,10,700,H833_001000.700,H833_001000,CadastralParcel.IT.AGE.PLA.H833_001000.700,DUPLICATE_NEEDS_FOGLIO_CHECK
700,3,14B,700,H833_0014B0.700,H833_0014B0,CadastralParcel.IT.AGE.PLA.H833_0014B0.700,DUPLICATE_NEEDS_FOGLIO_CHECK
700,3,13,700,H833_001300.700,H833_001300,CadastralParcel.IT.AGE.PLA.H833_001300.700,DUPLICATE_NEEDS_FOGLIO_CHECK
701,2,10,701,H833_001000.701,H833_001000,CadastralParcel.IT.AGE.PLA.H833_001000.701,DUPLICATE_NEEDS_FOGLIO_CHECK
701,2,13,701,H833_001300.701,H833_001300,CadastralParcel.IT.AGE.PLA.H833_001300.701,DUPLICATE_NEEDS_FOGLIO_CHECK
703,3,10,703,H833_001000.703,H833_001000,CadastralParcel.IT.AGE.PLA.H833_001000.703,DUPLICATE_NEEDS_FOGLIO_CHECK
703,3,14,703,H833_001400.703,H833_001400,CadastralParcel.IT.AGE.PLA.H833_001400.703,DUPLICATE_NEEDS_FOGLIO_CHECK
703,3,13A,703,H833_0013A0.703,H833_0013A0,CadastralParcel.IT.AGE.PLA.H833_0013A0.703,DUPLICATE_NEEDS_FOGLIO_CHECK
707,2,13,707,H833_001300.707,H833_001300,CadastralParcel.IT.AGE.PLA.H833_001300.707,DUPLICATE_NEEDS_FOGLIO_CHECK
707,2,14,707,H833_001400.707,H833_001400,CadastralParcel.IT.AGE.PLA.H833_001400.707,DUPLICATE_NEEDS_FOGLIO_CHECK
725,1,13,725,H833_001300.725,H833_001300,CadastralParcel.IT.AGE.PLA.H833_001300.725,
726,2,13,726,H833_001300.726,H833_001300,CadastralParcel.IT.AGE.PLA.H833_001300.726,DUPLICATE_NEEDS_FOGLIO_CHECK
726,2,14,726,H833_001400.726,H833_001400,CadastralParcel.IT.AGE.PLA.H833_001400.726,DUPLICATE_NEEDS_FOGLIO_CHECK
727,1,13,727,H833_001300.727,H833_001300,CadastralParcel.IT.AGE.PLA.H833_001300.727,
736,3,10,736,H833_001000.736,H833_001000,CadastralParcel.IT.AGE.PLA.H833_001000.736,DUPLICATE_NEEDS_FOGLIO_CHECK
736,3,14B,736,H833_0014B0.736,H833_0014B0,CadastralParcel.IT.AGE.PLA.H833_0014B0.736,DUPLICATE_NEEDS_FOGLIO_CHECK
736,3,13,736,H833_001300.736,H833_001300,CadastralParcel.IT.AGE.PLA.H833_001300.736,DUPLICATE_NEEDS_FOGLIO_CHECK
739,3,10,739,H833_001000.739,H833_001000,CadastralParcel.IT.AGE.PLA.H833_001000.739,DUPLICATE_NEEDS_FOGLIO_CHECK
739,3,14,739,H833_001400.739,H833_001400,CadastralParcel.IT.AGE.PLA.H833_001400.739,DUPLICATE_NEEDS_FOGLIO_CHECK
739,3,13,739,H833_001300.739,H833_001300,CadastralParcel.IT.AGE.PLA.H833_001300.739,DUPLICATE_NEEDS_FOGLIO_CHECK
790,3,10,790,H833_001000.790,H833_001000,CadastralParcel.IT.AGE.PLA.H833_001000.790,DUPLICATE_NEEDS_FOGLIO_CHECK
790,3,14,790,H833_001400.790,H833_001400,CadastralParcel.IT.AGE.PLA.H833_001400.790,DUPLICATE_NEEDS_FOGLIO_CHECK
790,3,13,790,H833_001300.790,H833_001300,CadastralParcel.IT.AGE.PLA.H833_001300.790,DUPLICATE_NEEDS_FOGLIO_CHECK
802,3,10,802,H833_001000.802,H833_001000,CadastralParcel.IT.AGE.PLA.H833_001000.802,DUPLICATE_NEEDS_FOGLIO_CHECK
802,3,14,802,H833_001400.802,H833_001400,CadastralParcel.IT.AGE.PLA.H833_001400.802,DUPLICATE_NEEDS_FOGLIO_CHECK
802,3,13,802,H833_001300.802,H833_001300,CadastralParcel.IT.AGE.PLA.H833_001300.802,DUPLICATE_NEEDS_FOGLIO_CHECK
834,3,10,834,H833_001000.834,H833_001000,CadastralParcel.IT.AGE.PLA.H833_001000.834,DUPLICATE_NEEDS_FOGLIO_CHECK
834,3,14B,834,H833_0014B0.834,H833_0014B0,CadastralParcel.IT.AGE.PLA.H833_0014B0.834,DUPLICATE_NEEDS_FOGLIO_CHECK
834,3,13,834,H833_001300.834,H833_001300,CadastralParcel.IT.AGE.PLA.H833_001300.834,DUPLICATE_NEEDS_FOGLIO_CHECK
835,3,10,835,H833_001000.835,H833_001000,CadastralParcel.IT.AGE.PLA.H833_001000.835,DUPLICATE_NEEDS_FOGLIO_CHECK
835,3,14B,835,H833_0014B0.835,H833_0014B0,CadastralParcel.IT.AGE.PLA.H833_0014B0.835,DUPLICATE_NEEDS_FOGLIO_CHECK
835,3,13,835,H833_001300.835,H833_001300,CadastralParcel.IT.AGE.PLA.H833_001300.835,DUPLICATE_NEEDS_FOGLIO_CHECK
836,3,10,836,H833_001000.836,H833_001000,CadastralParcel.IT.AGE.PLA.H833_001000.836,DUPLICATE_NEEDS_FOGLIO_CHECK
836,3,14B,836,H833_0014B0.836,H833_0014B0,CadastralParcel.IT.AGE.PLA.H833_0014B0.836,DUPLICATE_NEEDS_FOGLIO_CHECK
836,3,13,836,H833_001300.836,H833_001300,CadastralParcel.IT.AGE.PLA.H833_001300.836,DUPLICATE_NEEDS_FOGLIO_CHECK
837,3,10,837,H833_001000.837,H833_001000,CadastralParcel.IT.AGE.PLA.H833_001000.837,DUPLICATE_NEEDS_FOGLIO_CHECK
837,3,14B,837,H833_0014B0.837,H833_0014B0,CadastralParcel.IT.AGE.PLA.H833_0014B0.837,DUPLICATE_NEEDS_FOGLIO_CHECK
837,3,13,837,H833_001300.837,H833_001300,CadastralParcel.IT.AGE.PLA.H833_001300.837,DUPLICATE_NEEDS_FOGLIO_CHECK
838,2,13,838,H833_001300.838,H833_001300,CadastralParcel.IT.AGE.PLA.H833_001300.838,DUPLICATE_NEEDS_FOGLIO_CHECK
838,2,14B,838,H833_0014B0.838,H833_0014B0,CadastralParcel.IT.AGE.PLA.H833_0014B0.838,DUPLICATE_NEEDS_FOGLIO_CHECK
839,3,10,839,H833_001000.839,H833_001000,CadastralParcel.IT.AGE.PLA.H833_001000.839,DUPLICATE_NEEDS_FOGLIO_CHECK
839,3,14B,839,H833_0014B0.839,H833_0014B0,CadastralParcel.IT.AGE.PLA.H833_0014B0.839,DUPLICATE_NEEDS_FOGLIO_CHECK
839,3,13,839,H833_001300.839,H833_001300,CadastralParcel.IT.AGE.PLA.H833_001300.839,DUPLICATE_NEEDS_FOGLIO_CHECK
840,2,10,840,H833_001000.840,H833_001000,CadastralParcel.IT.AGE.PLA.H833_001000.840,DUPLICATE_NEEDS_FOGLIO_CHECK
840,2,13,840,H833_001300.840,H833_001300,CadastralParcel.IT.AGE.PLA.H833_001300.840,DUPLICATE_NEEDS_FOGLIO_CHECK
841,3,10,841,H833_001000.841,H833_001000,CadastralParcel.IT.AGE.PLA.H833_001000.841,DUPLICATE_NEEDS_FOGLIO_CHECK
841,3,14B,841,H833_0014B0.841,H833_0014B0,CadastralParcel.IT.AGE.PLA.H833_0014B0.841,DUPLICATE_NEEDS_FOGLIO_CHECK
841,3,13,841,H833_001300.841,H833_001300,CadastralParcel.IT.AGE.PLA.H833_001300.841,DUPLICATE_NEEDS_FOGLIO_CHECK
842,3,10,842,H833_001000.842,H833_001000,CadastralParcel.IT.AGE.PLA.H833_001000.842,DUPLICATE_NEEDS_FOGLIO_CHECK
842,3,14B,842,H833_0014B0.842,H833_0014B0,CadastralParcel.IT.AGE.PLA.H833_0014B0.842,DUPLICATE_NEEDS_FOGLIO_CHECK
842,3,13,842,H833_001300.842,H833_001300,CadastralParcel.IT.AGE.PLA.H833_001300.842,DUPLICATE_NEEDS_FOGLIO_CHECK
843,2,10,843,H833_001000.843,H833_001000,CadastralParcel.IT.AGE.PLA.H833_001000.843,DUPLICATE_NEEDS_FOGLIO_CHECK
843,2,13,843,H833_001300.843,H833_001300,CadastralParcel.IT.AGE.PLA.H833_001300.843,DUPLICATE_NEEDS_FOGLIO_CHECK
844,3,10,844,H833_001000.844,H833_001000,CadastralParcel.IT.AGE.PLA.H833_001000.844,DUPLICATE_NEEDS_FOGLIO_CHECK
844,3,14B,844,H833_0014B0.844,H833_0014B0,CadastralParcel.IT.AGE.PLA.H833_0014B0.844,DUPLICATE_NEEDS_FOGLIO_CHECK
844,3,13,844,H833_001300.844,H833_001300,CadastralParcel.IT.AGE.PLA.H833_001300.844,DUPLICATE_NEEDS_FOGLIO_CHECK
852,1,13,852,H833_001300.852,H833_001300,CadastralParcel.IT.AGE.PLA.H833_001300.852,
853,2,10,853,H833_001000.853,H833_001000,CadastralParcel.IT.AGE.PLA.H833_001000.853,DUPLICATE_NEEDS_FOGLIO_CHECK
853,2,13,853,H833_001300.853,H833_001300,CadastralParcel.IT.AGE.PLA.H833_001300.853,DUPLICATE_NEEDS_FOGLIO_CHECK
854,2,10,854,H833_001000.854,H833_001000,CadastralParcel.IT.AGE.PLA.H833_001000.854,DUPLICATE_NEEDS_FOGLIO_CHECK
854,2,13,854,H833_001300.854,H833_001300,CadastralParcel.IT.AGE.PLA.H833_001300.854,DUPLICATE_NEEDS_FOGLIO_CHECK
855,3,10,855,H833_001000.855,H833_001000,CadastralParcel.IT.AGE.PLA.H833_001000.855,DUPLICATE_NEEDS_FOGLIO_CHECK
855,3,14,855,H833_001400.855,H833_001400,CadastralParcel.IT.AGE.PLA.H833_001400.855,DUPLICATE_NEEDS_FOGLIO_CHECK
855,3,13,855,H833_001300.855,H833_001300,CadastralParcel.IT.AGE.PLA.H833_001300.855,DUPLICATE_NEEDS_FOGLIO_CHECK
856,3,10,856,H833_001000.856,H833_001000,CadastralParcel.IT.AGE.PLA.H833_001000.856,DUPLICATE_NEEDS_FOGLIO_CHECK
856,3,14,856,H833_001400.856,H833_001400,CadastralParcel.IT.AGE.PLA.H833_001400.856,DUPLICATE_NEEDS_FOGLIO_CHECK
856,3,13,856,H833_001300.856,H833_001300,CadastralParcel.IT.AGE.PLA.H833_001300.856,DUPLICATE_NEEDS_FOGLIO_CHECK
857,2,10,857,H833_001000.857,H833_001000,CadastralParcel.IT.AGE.PLA.H833_001000.857,DUPLICATE_NEEDS_FOGLIO_CHECK
857,2,13,857,H833_001300.857,H833_001300,CadastralParcel.IT.AGE.PLA.H833_001300.857,DUPLICATE_NEEDS_FOGLIO_CHECK
862,2,10,862,H833_001000.862,H833_001000,CadastralParcel.IT.AGE.PLA.H833_001000.862,DUPLICATE_NEEDS_FOGLIO_CHECK
862,2,13,862,H833_001300.862,H833_001300,CadastralParcel.IT.AGE.PLA.H833_001300.862,DUPLICATE_NEEDS_FOGLIO_CHECK
887,2,13,887,H833_001300.887,H833_001300,CadastralParcel.IT.AGE.PLA.H833_001300.887,DUPLICATE_NEEDS_FOGLIO_CHECK
887,2,14,887,H833_001400.887,H833_001400,CadastralParcel.IT.AGE.PLA.H833_001400.887,DUPLICATE_NEEDS_FOGLIO_CHECK
888,2,13,888,H833_001300.888,H833_001300,CadastralParcel.IT.AGE.PLA.H833_001300.888,DUPLICATE_NEEDS_FOGLIO_CHECK
888,2,14,888,H833_001400.888,H833_001400,CadastralParcel.IT.AGE.PLA.H833_001400.888,DUPLICATE_NEEDS_FOGLIO_CHECK
889,2,13,889,H833_001300.889,H833_001300,CadastralParcel.IT.AGE.PLA.H833_001300.889,DUPLICATE_NEEDS_FOGLIO_CHECK
889,2,14,889,H833_001400.889,H833_001400,CadastralParcel.IT.AGE.PLA.H833_001400.889,DUPLICATE_NEEDS_FOGLIO_CHECK
890,2,13,890,H833_001300.890,H833_001300,CadastralParcel.IT.AGE.PLA.H833_001300.890,DUPLICATE_NEEDS_FOGLIO_CHECK
890,2,14,890,H833_001400.890,H833_001400,CadastralParcel.IT.AGE.PLA.H833_001400.890,DUPLICATE_NEEDS_FOGLIO_CHECK
891,2,13,891,H833_001300.891,H833_001300,CadastralParcel.IT.AGE.PLA.H833_001300.891,DUPLICATE_NEEDS_FOGLIO_CHECK
891,2,14,891,H833_001400.891,H833_001400,CadastralParcel.IT.AGE.PLA.H833_001400.891,DUPLICATE_NEEDS_FOGLIO_CHECK
892,2,13,892,H833_001300.892,H833_001300,CadastralParcel.IT.AGE.PLA.H833_001300.892,DUPLICATE_NEEDS_FOGLIO_CHECK
892,2,14,892,H833_001400.892,H833_001400,CadastralParcel.IT.AGE.PLA.H833_001400.892,DUPLICATE_NEEDS_FOGLIO_CHECK
893,2,13,893,H833_001300.893,H833_001300,CadastralParcel.IT.AGE.PLA.H833_001300.893,DUPLICATE_NEEDS_FOGLIO_CHECK
893,2,14,893,H833_001400.893,H833_001400,CadastralParcel.IT.AGE.PLA.H833_001400.893,DUPLICATE_NEEDS_FOGLIO_CHECK
894,2,13,894,H833_001300.894,H833_001300,CadastralParcel.IT.AGE.PLA.H833_001300.894,DUPLICATE_NEEDS_FOGLIO_CHECK
894,2,14,894,H833_001400.894,H833_001400,CadastralParcel.IT.AGE.PLA.H833_001400.894,DUPLICATE_NEEDS_FOGLIO_CHECK
895,2,13,895,H833_001300.895,H833_001300,CadastralParcel.IT.AGE.PLA.H833_001300.895,DUPLICATE_NEEDS_FOGLIO_CHECK
895,2,14B,895,H833_0014B0.895,H833_0014B0,CadastralParcel.IT.AGE.PLA.H833_0014B0.895,DUPLICATE_NEEDS_FOGLIO_CHECK
896,2,13,896,H833_001300.896,H833_001300,CadastralParcel.IT.AGE.PLA.H833_001300.896,DUPLICATE_NEEDS_FOGLIO_CHECK
896,2,14,896,H833_001400.896,H833_001400,CadastralParcel.IT.AGE.PLA.H833_001400.896,DUPLICATE_NEEDS_FOGLIO_CHECK
925,1,13,925,H833_001300.925,H833_001300,CadastralParcel.IT.AGE.PLA.H833_001300.925,
926,2,13,926,H833_001300.926,H833_001300,CadastralParcel.IT.AGE.PLA.H833_001300.926,DUPLICATE_NEEDS_FOGLIO_CHECK
926,2,14B,926,H833_0014B0.926,H833_0014B0,CadastralParcel.IT.AGE.PLA.H833_0014B0.926,DUPLICATE_NEEDS_FOGLIO_CHECK
927,1,13,927,H833_001300.927,H833_001300,CadastralParcel.IT.AGE.PLA.H833_001300.927,
928,1,13,928,H833_001300.928,H833_001300,CadastralParcel.IT.AGE.PLA.H833_001300.928,
929,1,13,929,H833_001300.929,H833_001300,CadastralParcel.IT.AGE.PLA.H833_001300.929,
930,1,13,930,H833_001300.930,H833_001300,CadastralParcel.IT.AGE.PLA.H833_001300.930,
931,1,13,931,H833_001300.931,H833_001300,CadastralParcel.IT.AGE.PLA.H833_001300.931,
932,1,13,932,H833_001300.932,H833_001300,CadastralParcel.IT.AGE.PLA.H833_001300.932,
934,1,13,934,H833_001300.934,H833_001300,CadastralParcel.IT.AGE.PLA.H833_001300.934,
941,1,13,941,H833_001300.941,H833_001300,CadastralParcel.IT.AGE.PLA.H833_001300.941,
947,1,13,947,H833_001300.947,H833_001300,CadastralParcel.IT.AGE.PLA.H833_001300.947,
1007,1,13,1007,H833_001300.1007,H833_001300,CadastralParcel.IT.AGE.PLA.H833_001300.1007,
